,ID1,,ID2,,ID3,,ID4,,ID5,,ID6,,ID7,,ID8,,ID9,,ID10,,
Frame,X,Y,X,Y,X,Y,X,Y,X,Y,X,Y,X,Y,X,Y,X,Y,X,Y,
LINE_1,-,-,-,-,-,-,-,-,-,-,-,-,-,-,-,-,-,-,-,-,Gesture:,
RAWDATA_1,X1,X2,X3,X4,X5,X6,X7,X8,X9,X10,X11,X12,X13,X14,X15,X16,X17,X18,
Y1,,-2,0,0,-2,-2,0,0,,,0,0,0,0,0,0,0,,
Y2,3,2,2,4,1,0,2,2,0,2,0,4,2,0,0,2,0,2,
Y3,3,2,4,2,2,2,0,-1,2,0,2,4,0,2,0,2,2,3,
Y4,3,-2,2,2,0,0,2,0,2,2,-2,4,0,2,2,2,2,2,
Y5,2,2,2,4,-2,-2,0,2,-2,-2,0,2,-2,2,2,-2,0,2,
Y6,2,2,2,0,2,0,2,-2,0,0,0,0,2,0,2,0,0,1,
Y7,2,2,2,-2,0,2,2,2,2,-2,2,4,2,2,0,2,2,0,
Y8,2,0,0,2,2,2,0,0,2,0,2,2,2,0,2,4,2,2,
Y9,2,2,2,2,2,2,0,-2,0,0,4,0,0,1,0,0,2,2,
Y10,0,2,0,0,2,2,0,2,2,0,3,0,0,2,-1,2,0,2,
Y11,0,2,-1,0,2,0,2,-2,0,2,2,0,2,2,-2,0,2,2,
Y12,2,2,4,2,2,0,0,-1,0,0,4,0,0,2,-2,2,2,4,
Y13,4,2,1,4,0,2,0,0,0,-2,2,0,1,0,0,0,2,0,
Y14,2,0,0,2,0,0,0,-2,2,0,2,-2,0,-2,0,0,2,2,
Y15,0,0,0,1,0,0,0,0,0,1,0,0,2,-2,2,-2,1,0,
Y16,2,2,0,0,0,1,1,-2,-2,0,-2,0,0,0,0,0,0,0,
Y17,2,0,0,0,-1,0,-2,-2,-2,2,0,2,0,0,0,0,2,1,
Y18,2,0,-2,0,0,-2,-2,0,0,-2,1,-2,0,0,-1,0,2,0,
Y19,0,2,0,2,-2,0,0,-2,0,0,-1,-2,-2,-2,-2,-2,2,0,
Y20,-2,2,2,-2,0,0,-2,0,0,0,0,0,0,-2,0,0,1,-2,
Y21,0,0,0,-1,-2,-2,-2,-2,-1,-2,-2,0,0,-2,-2,0,-3,-2,
Y22,0,0,2,0,0,0,-3,-2,0,0,-2,-2,0,-2,-2,-2,-2,0,
Y23,2,-4,-2,0,-2,-3,0,-4,-2,0,-2,-2,0,-3,0,-2,-2,0,
Y24,0,-2,0,-2,-3,-2,0,-1,-2,-2,-2,0,-3,-2,-2,-2,-2,1,
Y25,0,0,-3,-2,-2,-2,-2,-3,-4,-2,-3,-2,-2,-2,-4,-2,-2,0,
Y26,2,-2,-4,-2,-3,-2,-3,-4,-4,-3,-2,-2,-2,-2,-2,-2,-2,-2,
Y27,0,-2,-2,-2,-2,-4,-4,-2,-2,-2,-3,2,-2,-2,-3,-2,-3,0,
Y28,2,-2,-3,0,-3,-5,-3,-2,-2,-2,-2,-2,-2,-2,-2,-3,-2,-2,
Y29,0,-2,-2,2,-2,-3,2,-3,-2,-2,-3,-2,-3,-2,-3,-1,-4,-2,
Y30,2,-3,-2,-4,-3,-3,-2,-3,-3,-3,-2,-2,-3,-3,-2,-3,-2,-2,
Y31,2,-2,-2,-1,-3,-3,-2,-2,-3,-2,-3,0,-2,-2,-3,-3,-4,-2,
Y32,1,0,0,0,-2,-2,-2,-3,0,-2,-3,-2,0,-4,-2,-2,-2,-4,

,ID1,,ID2,,ID3,,ID4,,ID5,,ID6,,ID7,,ID8,,ID9,,ID10,,
Frame,X,Y,X,Y,X,Y,X,Y,X,Y,X,Y,X,Y,X,Y,X,Y,X,Y,
LINE_2,-,-,-,-,-,-,-,-,-,-,-,-,-,-,-,-,-,-,-,-,Gesture:,
RAWDATA_2,X1,X2,X3,X4,X5,X6,X7,X8,X9,X10,X11,X12,X13,X14,X15,X16,X17,X18,
Y1,,-2,0,0,-2,0,0,0,,,0,0,-2,0,2,0,0,,
Y2,2,2,2,2,3,2,2,2,0,2,2,2,0,-2,2,2,0,2,
Y3,3,2,2,2,2,4,0,-1,4,0,2,4,-2,0,0,2,2,3,
Y4,3,-4,2,2,0,2,2,2,2,0,0,2,0,2,0,2,4,2,
Y5,2,0,1,2,0,0,2,0,-2,-2,0,2,-1,0,2,-2,0,2,
Y6,3,-2,0,2,0,2,2,-2,0,0,0,0,2,0,2,0,0,2,
Y7,3,2,2,0,0,2,2,2,2,0,0,2,2,2,0,2,2,2,
Y8,2,0,0,4,2,0,0,0,2,0,2,2,2,0,1,2,2,4,
Y9,3,1,0,2,2,2,2,-2,0,2,2,0,0,1,0,0,4,2,
Y10,2,0,0,0,3,3,-2,2,0,0,1,0,2,0,-1,2,0,2,
Y11,2,4,0,0,2,0,2,-2,2,2,0,-2,0,2,0,0,4,4,
Y12,4,4,3,0,2,0,0,-1,0,0,2,0,2,0,0,2,2,3,
Y13,3,0,0,4,-2,0,0,0,0,-2,2,0,0,0,0,-2,2,2,
Y14,2,2,0,0,0,2,0,0,2,0,2,-1,-2,0,2,-2,2,2,
Y15,2,0,0,1,0,0,2,0,2,2,0,0,0,0,0,-2,3,2,
Y16,2,0,0,2,0,1,1,-2,0,0,-2,0,0,0,-2,0,4,0,
Y17,2,-2,0,0,-1,-2,-2,0,-2,2,-2,2,0,-2,0,0,2,0,
Y18,2,2,-4,0,0,0,-2,0,0,-2,1,-2,0,0,-1,0,2,0,
Y19,0,0,0,0,-2,0,0,-2,0,0,-3,0,-2,-2,-2,0,4,0,
Y20,-2,2,0,-4,0,0,-2,0,0,-2,-2,-2,-2,-4,0,0,1,0,
Y21,-2,0,0,-2,-2,0,0,-2,-1,0,-3,-2,0,-2,-2,-2,-1,0,
Y22,-2,-2,2,-2,0,0,-2,-2,0,0,-3,-2,-2,-2,-3,0,0,0,
Y23,2,-2,-2,0,0,-2,0,-3,-2,0,-2,-2,-2,-3,0,-2,-2,0,
Y24,0,-2,-2,-2,-3,-2,-2,2,-2,-2,-2,0,-3,-2,-2,-4,0,1,
Y25,0,0,-3,-2,-2,-2,-2,-2,-2,-3,-2,-2,-2,-4,-3,-2,-2,0,
Y26,2,-1,-2,-2,-2,-2,-2,-2,-2,-3,-2,-3,-4,-2,-2,-2,-4,0,
Y27,2,-1,-2,1,-2,-2,-2,-2,-2,-2,-2,0,-2,-3,-3,-2,-3,2,
Y28,2,-2,-2,0,-3,-3,-3,-3,-2,-2,-2,0,-1,-3,0,-3,-2,-2,
Y29,0,0,-3,0,-2,-3,0,-3,-2,-2,-2,-4,-3,-2,-3,0,-3,-2,
Y30,2,-3,-2,-4,-3,-2,-3,-2,-2,-2,-2,-4,-3,-2,-1,-2,-3,-2,
Y31,2,-2,-3,-2,-3,-2,-2,-2,-2,-2,-3,0,-2,-3,-3,-2,-4,0,
Y32,2,0,0,0,-2,-2,-2,-2,-2,-2,-2,-2,-2,-3,-4,-2,-4,-2,

,ID1,,ID2,,ID3,,ID4,,ID5,,ID6,,ID7,,ID8,,ID9,,ID10,,
Frame,X,Y,X,Y,X,Y,X,Y,X,Y,X,Y,X,Y,X,Y,X,Y,X,Y,
LINE_3,-,-,-,-,-,-,-,-,-,-,-,-,-,-,-,-,-,-,-,-,Gesture:,
RAWDATA_3,X1,X2,X3,X4,X5,X6,X7,X8,X9,X10,X11,X12,X13,X14,X15,X16,X17,X18,
Y1,,-2,0,0,-2,-1,0,0,,,0,2,0,-2,2,0,-2,,
Y2,3,4,2,3,2,0,0,2,0,2,2,2,2,-2,2,2,0,2,
Y3,2,2,4,2,2,4,2,0,4,0,2,3,0,2,0,2,4,3,
Y4,3,-2,2,2,-2,2,2,2,2,0,-2,2,0,2,2,0,2,3,
Y5,4,0,1,2,2,0,2,0,0,-4,0,2,-1,0,0,0,2,2,
Y6,4,-2,2,2,0,2,2,0,2,0,0,2,0,2,2,-2,2,3,
Y7,3,2,2,0,0,2,2,0,2,0,0,2,2,0,0,4,2,2,
Y8,3,2,0,4,2,0,2,0,2,0,2,0,0,0,3,2,4,4,
Y9,3,2,0,2,4,2,2,-2,0,2,1,0,2,1,0,2,3,4,
Y10,4,2,0,2,3,3,-2,2,0,0,1,0,0,2,-1,2,2,2,
Y11,4,6,1,0,4,0,1,-2,2,2,2,-2,2,2,-2,0,4,4,
Y12,4,6,3,2,2,0,0,0,0,2,2,0,0,0,-2,2,4,4,
Y13,4,2,1,2,-2,-2,0,0,0,-2,2,0,1,0,2,0,2,4,
Y14,4,2,2,2,0,2,0,0,1,0,2,-1,-2,2,0,0,4,2,
Y15,2,4,2,0,0,2,0,-2,0,2,0,-2,0,0,2,-2,3,2,
Y16,2,0,0,0,0,1,1,-4,2,0,0,0,2,-2,0,0,2,2,
Y17,4,0,0,0,-1,-2,0,0,0,2,-2,0,0,0,0,2,2,0,
Y18,2,2,-2,0,0,0,-2,-2,-2,-2,1,-2,0,0,-1,0,2,0,
Y19,0,2,0,-2,0,0,0,-2,0,2,-1,-2,0,-2,-2,0,4,0,
Y20,-2,2,0,-2,0,0,-2,0,0,0,-2,-2,0,-4,0,2,1,0,
Y21,-2,0,2,0,0,0,0,-2,-1,0,0,-2,-2,0,-4,-2,0,0,
Y22,0,0,2,-2,2,0,0,-1,2,0,-1,-2,-2,-2,-3,-2,0,0,
Y23,2,-1,-2,0,0,-2,0,-1,-1,0,0,-2,0,-3,0,-4,-2,2,
Y24,2,1,-4,-2,0,-2,0,2,-2,-2,-2,0,-2,-2,-2,-3,0,1,
Y25,2,-2,-2,0,0,-2,-2,0,-2,-2,-2,0,-2,-2,-2,-2,-4,2,
Y26,2,0,-2,0,-2,-2,-2,0,-2,-3,-2,-3,-2,-2,-2,-2,-2,0,
Y27,2,-1,-2,0,-2,-2,-2,-2,-2,0,-2,0,-2,-2,-2,-2,-2,2,
Y28,2,-2,-2,0,-2,-2,-2,-3,-2,-2,0,0,0,-2,0,-3,-2,0,
Y29,0,-2,-3,0,-2,-3,-2,-2,-2,-2,-2,-4,-2,0,-3,0,-3,-2,
Y30,2,-3,-2,-2,-3,-1,-3,-2,-2,-2,-2,-4,-2,-2,-2,-1,-3,-2,
Y31,2,-1,-3,-2,-3,0,-2,-2,-2,-2,-2,0,-2,-2,-3,-2,-3,0,
Y32,2,0,0,2,-2,-2,0,-2,-2,-2,-2,-2,-2,-2,-4,-2,-4,0,

,ID1,,ID2,,ID3,,ID4,,ID5,,ID6,,ID7,,ID8,,ID9,,ID10,,
Frame,X,Y,X,Y,X,Y,X,Y,X,Y,X,Y,X,Y,X,Y,X,Y,X,Y,
LINE_4,-,-,-,-,-,-,-,-,-,-,-,-,-,-,-,-,-,-,-,-,Gesture:,
RAWDATA_4,X1,X2,X3,X4,X5,X6,X7,X8,X9,X10,X11,X12,X13,X14,X15,X16,X17,X18,
Y1,,-2,-2,0,0,-2,0,0,,,0,0,2,-2,2,0,0,,
Y2,2,2,0,2,3,0,0,2,0,2,2,2,2,0,2,2,2,0,
Y3,2,0,2,2,4,4,2,0,2,0,2,3,2,2,2,2,2,2,
Y4,2,-2,2,0,-2,2,2,0,4,0,0,0,0,2,2,2,2,2,
Y5,1,0,1,2,2,0,2,2,-2,-2,0,2,0,2,2,-4,2,2,
Y6,2,0,0,2,-2,2,2,0,4,2,0,2,0,2,2,0,2,3,
Y7,4,2,2,0,0,2,2,0,2,0,0,2,4,0,0,2,2,2,
Y8,4,2,-2,1,2,0,4,-2,2,2,2,2,0,0,3,2,2,4,
Y9,3,2,0,2,4,2,0,-2,0,2,0,0,2,3,2,2,3,4,
Y10,2,0,0,2,3,2,0,2,0,0,1,0,2,2,-1,2,4,2,
Y11,0,2,-1,0,4,0,1,0,2,0,2,0,2,2,-2,2,4,2,
Y12,3,2,2,2,2,-2,0,-1,0,0,2,0,2,-2,-2,4,4,4,
Y13,3,2,-2,2,-2,-2,0,2,-2,-2,0,0,1,-2,2,0,2,4,
Y14,4,2,0,2,0,2,0,0,1,0,2,-1,0,2,2,2,2,2,
Y15,2,2,2,0,0,0,0,-2,2,3,2,0,2,0,4,0,3,4,
Y16,4,2,0,2,-2,1,0,-4,2,0,0,0,2,0,0,0,2,2,
Y17,4,0,0,0,-1,-2,-2,-4,-2,2,-2,-2,0,0,0,0,2,0,
Y18,0,2,0,0,0,-2,-4,-4,-2,0,1,-3,0,0,-1,0,2,2,
Y19,2,2,0,0,0,0,-2,-2,0,4,-1,-2,0,0,-2,0,4,0,
Y20,-2,2,0,-2,2,0,-2,2,0,0,0,-2,2,-2,0,4,2,0,
Y21,0,0,0,0,0,-2,-2,0,-1,0,0,-2,-2,0,-2,0,0,0,
Y22,0,0,0,0,0,0,-2,-2,2,0,-3,-2,2,0,-3,-2,0,0,
Y23,2,-1,-2,0,0,-1,0,-3,-2,0,-2,-2,-2,-3,0,-2,-2,2,
Y24,0,0,-2,-1,0,-2,0,0,-3,-4,-2,0,-2,-2,-4,-2,0,1,
Y25,2,-2,-2,0,-2,-3,-2,-3,-2,-2,-2,-2,-2,-2,-2,-2,-2,2,
Y26,2,0,-1,0,-2,-1,-2,0,-1,-3,-3,-3,-2,-2,-4,-2,-2,0,
Y27,2,-1,0,0,-3,-2,-2,0,-4,-2,-2,0,-2,-2,-2,0,-1,2,
Y28,0,-2,0,-2,-3,-1,-2,-2,-2,-2,-2,0,0,-2,0,-2,0,2,
Y29,0,0,-3,0,-2,-3,-2,-2,-1,-3,-2,-4,-3,1,-3,-2,-3,0,
Y30,2,-2,-2,-2,-3,-1,-2,-2,-3,-2,-3,-3,-2,-2,-2,-2,-2,-2,
Y31,2,-1,-3,-2,-3,-1,-2,-2,-2,0,-2,-2,-2,-2,-2,-3,-3,2,
Y32,2,-2,-4,2,-2,-3,0,-2,-2,0,-2,-4,-2,-2,-3,-2,-2,0,

,ID1,,ID2,,ID3,,ID4,,ID5,,ID6,,ID7,,ID8,,ID9,,ID10,,
Frame,X,Y,X,Y,X,Y,X,Y,X,Y,X,Y,X,Y,X,Y,X,Y,X,Y,
LINE_5,-,-,-,-,-,-,-,-,-,-,-,-,-,-,-,-,-,-,-,-,Gesture:,
RAWDATA_5,X1,X2,X3,X4,X5,X6,X7,X8,X9,X10,X11,X12,X13,X14,X15,X16,X17,X18,
Y1,,-2,-4,0,-2,-2,0,-2,,,0,0,2,-2,2,0,-2,,
Y2,3,2,0,0,2,2,-2,2,-2,2,0,2,2,-2,2,2,0,2,
Y3,3,0,2,0,4,3,0,0,2,0,2,2,2,2,2,2,2,0,
Y4,1,-2,0,0,-2,4,0,2,4,0,0,0,0,2,0,0,2,2,
Y5,1,-2,1,2,0,2,2,0,0,-2,0,2,0,2,2,-2,2,2,
Y6,0,0,0,2,0,0,2,-4,2,2,2,0,0,2,2,0,2,3,
Y7,3,2,2,0,-2,2,0,0,4,0,-2,0,1,-2,0,2,0,0,
Y8,3,2,-2,1,0,0,2,0,0,0,0,2,0,0,3,2,2,2,
Y9,3,2,0,0,2,2,0,-2,0,2,0,0,4,3,0,2,3,2,
Y10,2,0,0,0,1,1,-2,0,0,0,1,0,2,2,-1,2,4,2,
Y11,2,2,-1,0,0,0,1,0,2,2,0,0,2,2,-2,2,3,2,
Y12,3,3,0,0,2,-2,-2,-1,-2,0,0,-2,2,-2,-2,2,2,2,
Y13,2,2,-2,0,-2,-2,0,0,-2,-2,2,0,2,-2,2,0,0,2,
Y14,3,0,0,2,0,2,0,-2,1,0,2,-2,0,2,2,2,4,0,
Y15,2,2,0,0,-2,0,0,-2,0,2,2,-2,2,0,2,0,2,2,
Y16,4,0,-2,-2,-2,1,0,-3,0,-2,-2,0,2,0,-2,0,2,2,
Y17,4,0,0,0,-3,-2,-2,-4,-2,0,-2,-2,0,0,0,0,2,0,
Y18,0,2,0,0,0,-2,-2,-4,-2,0,0,-1,2,0,-1,2,2,0,
Y19,2,2,0,0,0,0,-2,-2,0,2,-1,-2,0,-2,-2,-2,1,0,
Y20,-2,0,-2,-2,2,0,0,2,-2,-2,-2,-2,0,-2,-2,2,1,0,
Y21,0,0,0,-2,0,-4,-2,-2,-1,0,-2,-2,-2,-2,-4,-2,-1,0,
Y22,2,0,0,0,0,0,-2,-2,2,0,-3,-2,2,-2,-3,-2,-2,0,
Y23,2,-1,-2,0,-2,-3,-2,-2,-1,2,-2,0,-2,-4,-2,-2,-3,0,
Y24,2,-2,-4,-2,-2,0,0,0,-3,-2,-2,-2,-3,-2,-2,-2,-2,1,
Y25,0,-4,-2,0,-2,-3,-2,-3,-2,-2,-2,0,-2,-2,0,-2,-2,0,
Y26,2,-2,-3,-2,-2,-2,-3,-2,-1,-3,-3,-3,0,-2,-2,-2,-2,2,
Y27,2,-2,-2,-2,-3,-2,-2,-4,-4,-2,0,0,-2,-3,-2,-2,0,0,
Y28,0,-4,-1,-4,-2,-2,-2,-2,-3,-2,0,0,0,-2,0,-3,-2,0,
Y29,-2,-2,-3,-2,-3,-4,-4,-3,-2,-3,-2,-2,-1,0,-3,-2,-3,-2,
Y30,4,-3,-2,-3,-2,-1,-2,-2,-2,-2,-3,-2,0,-2,-3,-4,-4,-2,
Y31,2,-3,-4,-2,-2,-1,-2,-3,-3,-2,-2,-2,-2,-2,-2,-4,-4,0,
Y32,2,-2,-4,0,-3,-3,-2,-2,-2,-2,-2,-4,-2,-2,-3,-2,-2,0,

,ID1,,ID2,,ID3,,ID4,,ID5,,ID6,,ID7,,ID8,,ID9,,ID10,,
Frame,X,Y,X,Y,X,Y,X,Y,X,Y,X,Y,X,Y,X,Y,X,Y,X,Y,
LINE_6,-,-,-,-,-,-,-,-,-,-,-,-,-,-,-,-,-,-,-,-,Gesture:,
RAWDATA_6,X1,X2,X3,X4,X5,X6,X7,X8,X9,X10,X11,X12,X13,X14,X15,X16,X17,X18,
Y1,,0,-2,0,-2,-2,2,-2,,,0,-2,4,-2,2,0,-2,,
Y2,3,2,2,0,2,0,0,0,-2,0,0,2,0,0,2,2,-2,2,
Y3,2,0,2,0,2,1,0,0,2,0,2,0,2,2,0,2,1,-1,
Y4,0,0,0,0,-2,2,2,2,1,0,2,0,2,0,2,2,4,0,
Y5,1,-2,1,2,0,0,2,2,-2,-2,2,0,0,2,4,-4,0,2,
Y6,0,2,2,0,0,0,2,0,2,2,0,0,0,0,0,0,0,1,
Y7,2,2,2,-2,0,2,0,0,2,0,0,0,0,0,0,3,2,0,
Y8,2,0,-2,-1,0,0,0,-2,0,0,0,0,0,0,3,3,0,2,
Y9,2,0,2,0,0,4,0,-2,0,2,0,0,2,3,0,2,2,2,
Y10,0,0,0,2,1,2,0,0,0,0,2,0,2,2,-1,2,2,2,
Y11,2,0,-1,-2,-2,0,2,0,2,0,2,-2,2,2,-2,2,2,2,
Y12,2,1,1,0,0,-2,-2,-1,-2,0,0,0,0,0,-2,0,2,3,
Y13,2,2,-4,0,-2,-2,-2,0,-2,-2,2,0,1,0,2,0,0,0,
Y14,3,0,2,2,0,0,0,-2,1,2,2,-1,-2,2,2,0,4,0,
Y15,0,2,2,0,-2,0,0,-2,0,1,0,-2,2,2,4,-2,3,2,
Y16,2,2,-2,0,-2,1,0,-3,-2,0,0,-2,2,0,-2,0,2,2,
Y17,1,-2,2,-2,-3,-2,-2,0,-4,0,-2,-4,0,0,0,0,0,0,
Y18,0,2,0,-2,0,-2,-2,-2,-2,0,1,-1,2,-2,-1,0,0,0,
Y19,-2,2,-2,-2,-2,0,-2,-2,0,0,-1,-2,0,0,0,0,1,0,
Y20,-2,0,-2,-4,0,-2,0,2,-2,0,-2,0,0,-2,-2,0,1,0,
Y21,2,0,0,-2,-2,-4,0,-2,-1,0,-3,-2,-2,-2,-2,-2,0,0,
Y22,2,0,0,2,-2,0,-2,-2,0,0,-3,-2,0,-2,-3,-2,-2,0,
Y23,2,-2,-2,-2,-4,-3,-2,-2,-2,0,-2,0,-2,-3,0,-2,-2,0,
Y24,0,0,-2,-2,-2,-2,-2,0,-3,-2,-4,-2,-3,-2,-2,-2,-2,1,
Y25,0,-4,-3,-2,-2,-3,-3,-3,-3,-2,-2,0,-2,-4,-2,0,-3,-2,
Y26,2,0,-3,-4,-3,-2,-2,-4,-4,-3,-3,-2,-2,-2,-2,-4,-3,0,
Y27,0,-1,0,-2,-4,-2,-2,-4,-4,-2,-2,0,0,-2,-2,-2,-3,0,
Y28,0,-3,-2,-4,-4,-4,-2,-2,-4,-2,0,-2,0,-2,-2,-3,-2,0,
Y29,-2,-2,-2,-2,-4,-5,-4,-4,-4,-2,-2,0,-2,-2,-3,-4,-2,-2,
Y30,1,-2,-2,-3,-4,-2,-2,-4,-4,-4,-3,-2,-2,-2,-2,-2,-3,0,
Y31,2,-3,-3,-2,-3,-2,-2,-4,-4,-2,-3,-2,-2,-2,-3,-3,-3,0,
Y32,1,-4,-4,-2,-3,-3,-2,-3,-2,-2,-2,-2,-2,-2,-2,-2,-2,-2,

,ID1,,ID2,,ID3,,ID4,,ID5,,ID6,,ID7,,ID8,,ID9,,ID10,,
Frame,X,Y,X,Y,X,Y,X,Y,X,Y,X,Y,X,Y,X,Y,X,Y,X,Y,
LINE_7,-,-,-,-,-,-,-,-,-,-,-,-,-,-,-,-,-,-,-,-,Gesture:,
RAWDATA_7,X1,X2,X3,X4,X5,X6,X7,X8,X9,X10,X11,X12,X13,X14,X15,X16,X17,X18,
Y1,,0,-2,-2,-2,-2,0,0,,,0,-4,2,0,2,0,-2,,
Y2,2,2,0,0,2,0,0,2,0,2,2,2,0,0,2,2,0,4,
Y3,2,0,0,0,2,2,0,0,2,0,2,0,0,2,0,2,3,2,
Y4,1,0,0,2,0,2,2,4,2,0,0,0,0,0,2,0,0,2,
Y5,1,-2,1,2,0,2,2,2,2,0,2,0,-2,0,2,-2,-2,3,
Y6,0,0,0,0,0,0,2,2,2,0,0,0,2,2,0,0,0,2,
Y7,2,2,2,-2,0,2,0,0,2,-2,-2,0,0,0,2,3,0,0,
Y8,2,0,0,-1,0,0,0,0,0,2,2,0,2,0,3,3,0,2,
Y9,4,1,0,0,0,2,2,-2,0,2,2,-2,2,1,2,2,2,3,
Y10,0,0,0,2,1,0,-2,0,0,0,2,0,0,0,-1,2,2,4,
Y11,2,1,0,0,-2,0,1,-2,0,2,2,-2,2,0,-4,2,2,2,
Y12,2,1,0,0,0,0,-2,-1,0,0,2,0,0,0,-2,0,2,3,
Y13,2,2,-2,0,-2,0,-2,0,-2,0,4,0,2,2,2,2,4,0,
Y14,3,0,2,0,0,2,0,0,1,2,2,-1,0,0,2,2,3,2,
Y15,2,0,0,0,-2,2,0,-2,0,1,0,0,2,0,0,0,3,2,
Y16,2,2,-2,0,-2,1,0,-2,-2,0,0,0,2,2,-2,-2,4,2,
Y17,0,0,0,-2,-4,-2,-2,0,-4,2,-2,-2,-2,0,0,0,2,2,
Y18,0,2,0,-2,-2,-2,-2,-2,-2,-2,1,0,0,-2,-1,0,0,0,
Y19,0,2,-2,-2,-4,-2,0,0,0,2,-1,-2,0,-2,0,0,1,2,
Y20,0,2,-2,-2,0,-2,0,0,-2,-2,-2,0,0,0,-2,0,0,-2,
Y21,0,2,0,0,-2,-2,-2,-2,-2,-2,-2,-2,-2,-2,-4,-2,1,0,
Y22,2,-2,0,-2,-2,0,-3,-2,2,0,-2,-2,-2,-2,-3,-4,0,2,
Y23,2,-2,-4,-2,-4,-2,-2,-2,-2,-2,-2,0,-2,-3,0,-2,-1,2,
Y24,2,0,-2,-2,-1,-2,-2,2,-3,-3,-4,0,-3,-2,-2,-2,-4,1,
Y25,2,-2,-3,0,-2,-3,-3,-1,-3,-2,-2,0,-4,-4,-2,-2,-2,0,
Y26,2,-2,-3,-6,-4,-4,-2,-3,-2,-2,-3,-2,-2,-3,-2,-4,-4,2,
Y27,2,-2,-2,-4,-4,-4,-2,-2,-2,-2,-2,0,-2,-3,-2,-3,-3,0,
Y28,-2,-3,-3,-4,-4,-4,-2,-2,-3,-2,-2,-2,-2,-3,-2,-2,-2,0,
Y29,-2,-2,-3,0,-3,-2,-3,-3,-2,-2,-2,-1,-2,-2,-3,0,-2,0,
Y30,0,-3,-2,-3,-2,-2,-2,-2,-3,-2,-3,-2,-2,-2,-2,-2,-3,0,
Y31,0,-3,-2,-2,-3,-2,-2,-3,-3,-2,-3,-2,-2,-3,-3,-3,-3,0,
Y32,1,-2,-2,-2,-3,-2,-2,-3,-2,-1,-2,-2,0,-2,-3,-2,-2,0,

,ID1,,ID2,,ID3,,ID4,,ID5,,ID6,,ID7,,ID8,,ID9,,ID10,,
Frame,X,Y,X,Y,X,Y,X,Y,X,Y,X,Y,X,Y,X,Y,X,Y,X,Y,
LINE_8,-,-,-,-,-,-,-,-,-,-,-,-,-,-,-,-,-,-,-,-,Gesture:,
RAWDATA_8,X1,X2,X3,X4,X5,X6,X7,X8,X9,X10,X11,X12,X13,X14,X15,X16,X17,X18,
Y1,,0,-2,0,-2,-2,0,-2,,,0,-2,2,0,2,0,-2,,
Y2,2,0,0,0,1,0,-2,0,2,2,2,0,2,0,2,2,0,4,
Y3,2,0,2,0,0,0,2,0,2,0,2,1,0,2,0,2,2,2,
Y4,2,-2,0,2,-2,2,2,4,2,0,-2,0,0,0,2,0,1,2,
Y5,2,0,2,0,0,0,2,2,2,2,2,0,-2,0,2,-2,-2,1,
Y6,0,2,0,0,0,0,0,0,0,0,0,-2,0,0,0,0,0,1,
Y7,2,3,2,0,0,2,0,0,2,0,-2,0,2,0,0,2,2,0,
Y8,2,2,0,0,0,0,0,0,2,2,0,0,0,-2,1,0,2,2,
Y9,2,2,2,0,2,0,2,-2,0,0,2,0,0,2,2,0,3,2,
Y10,2,2,0,0,1,0,-2,-2,0,0,1,0,2,0,-1,0,2,2,
Y11,4,2,0,0,2,2,1,-2,0,2,2,-2,2,0,-2,2,2,2,
Y12,3,2,1,0,0,0,-2,-1,-2,2,2,0,0,0,-2,0,2,3,
Y13,2,2,0,0,-2,0,0,0,0,0,2,0,2,2,2,2,2,2,
Y14,2,0,2,-2,0,2,0,2,2,2,0,-1,0,2,0,0,2,2,
Y15,2,2,2,0,-2,2,0,0,0,2,-2,0,2,-2,0,0,3,4,
Y16,3,2,0,0,-2,1,0,-1,-2,0,-2,-2,0,2,-2,-2,2,2,
Y17,2,0,0,0,-3,-2,-2,0,-3,0,0,-2,0,0,0,0,2,2,
Y18,2,2,-2,-2,0,-2,-2,-2,-2,0,0,-2,0,-2,-1,0,2,0,
Y19,2,2,0,0,-2,0,0,-2,0,2,-2,-2,-2,-2,-2,2,2,2,
Y20,0,0,-2,-1,0,0,-2,-2,0,-2,-2,0,-2,-2,-4,-2,2,0,
Y21,2,0,2,-2,-2,-2,-2,-2,-2,-2,0,-2,-2,0,-3,-2,0,0,
Y22,2,-2,0,-2,-2,0,-3,-2,0,-2,-2,-2,-2,2,-3,-2,0,2,
Y23,2,-1,-2,-2,-2,-3,-2,-2,0,0,0,0,-4,-2,0,-4,-2,0,
Y24,2,0,-2,-2,-2,-4,-2,2,-2,-2,-2,-2,-3,-4,-2,-3,-4,1,
Y25,2,-2,-2,-2,-2,-4,-3,0,-3,-2,-2,-2,-4,-2,-3,0,-3,0,
Y26,0,-2,-3,-1,-2,-4,-3,-2,-2,-3,-2,-2,-2,-2,-2,-2,-2,2,
Y27,0,-2,0,-2,-3,-4,-2,-2,-2,-2,-2,0,-2,-4,-1,-3,-3,0,
Y28,0,-3,-3,-2,-3,-3,-2,-2,-3,-2,0,-2,-2,-2,-2,-2,-4,0,
Y29,2,-2,-3,0,-3,-2,-2,-3,-3,-2,-2,0,-2,-2,-2,-2,-3,0,
Y30,1,-3,-2,-2,-3,-2,-2,-2,-3,-2,-2,-2,-2,-2,-2,-3,-3,2,
Y31,2,-3,-3,-2,-3,-2,-2,-2,-2,-2,-2,-2,-2,-2,-3,-3,-2,0,
Y32,1,-2,-2,-2,-3,-3,-2,-3,-2,0,-2,0,-2,-3,-2,-1,-2,0,

,ID1,,ID2,,ID3,,ID4,,ID5,,ID6,,ID7,,ID8,,ID9,,ID10,,
Frame,X,Y,X,Y,X,Y,X,Y,X,Y,X,Y,X,Y,X,Y,X,Y,X,Y,
LINE_9,-,-,-,-,-,-,-,-,-,-,-,-,-,-,-,-,-,-,-,-,Gesture:,
RAWDATA_9,X1,X2,X3,X4,X5,X6,X7,X8,X9,X10,X11,X12,X13,X14,X15,X16,X17,X18,
Y1,,-2,0,0,-2,-1,0,0,,,2,-4,0,-2,0,0,0,,
Y2,2,2,0,0,1,2,-2,0,0,4,4,0,2,0,2,2,0,2,
Y3,3,0,2,0,0,1,0,0,2,2,4,0,-2,2,0,2,0,2,
Y4,2,-4,2,2,-2,2,2,2,2,0,0,0,0,0,0,0,1,2,
Y5,1,-2,1,2,-2,0,2,0,2,2,2,0,-2,0,4,-2,0,1,
Y6,2,0,0,0,0,0,0,0,2,2,2,-2,2,0,0,-2,-2,1,
Y7,2,3,2,2,0,0,0,0,2,0,-2,0,2,2,2,2,2,0,
Y8,2,4,0,0,2,0,0,2,2,0,0,0,2,0,2,2,2,2,
Y9,1,2,0,0,4,0,0,-2,2,2,2,0,2,3,2,0,3,3,
Y10,2,4,0,0,1,0,-2,-2,0,0,2,0,0,2,-1,2,2,3,
Y11,2,2,0,0,2,0,1,-2,2,2,2,0,2,2,0,2,2,4,
Y12,3,2,2,2,2,0,-2,-1,-2,2,0,0,0,0,-2,0,3,2,
Y13,2,2,2,2,0,0,0,0,0,0,2,0,2,2,2,2,2,2,
Y14,2,0,2,0,0,0,-2,0,2,4,0,-1,0,2,0,2,2,2,
Y15,2,2,-2,0,-2,2,0,0,0,2,-2,2,2,0,2,0,3,2,
Y16,2,0,0,2,-2,1,2,-2,-2,4,-2,0,2,2,0,-2,2,0,
Y17,2,2,0,0,-1,-2,-2,2,0,0,0,0,0,0,2,0,2,2,
Y18,4,2,-2,0,0,-2,-4,-2,-2,0,0,-1,0,-2,-1,0,2,2,
Y19,2,2,0,0,-2,0,0,-4,2,2,-2,-2,-2,0,-2,0,0,2,
Y20,-2,0,-2,-1,0,0,-2,-2,0,0,-2,0,-2,-2,-2,0,2,-2,
Y21,0,0,2,-2,-2,0,-4,-2,0,0,0,-2,-2,2,-2,-2,-3,-2,
Y22,0,-2,0,-2,0,0,-3,-2,0,0,-1,-3,0,0,-3,-2,0,-2,
Y23,2,-1,-2,-2,0,-2,-2,-1,0,2,0,-2,-2,-2,-2,-2,-1,2,
Y24,0,2,-2,-2,-2,-2,-2,2,0,-1,0,-2,-3,-2,-2,-3,-2,2,
Y25,2,-2,-3,0,-3,-2,-3,1,-1,-1,-2,-2,-2,-2,-2,0,-3,-2,
Y26,0,-2,-2,0,-2,-2,-3,-2,0,-1,0,-3,-2,-2,-2,-2,-2,2,
Y27,0,-2,0,-2,-2,-1,-2,0,-2,0,-1,0,-2,-3,-1,-3,-3,0,
Y28,0,-3,-2,-2,-2,-2,-3,-1,-3,-2,0,-2,-2,-2,0,-3,-3,0,
Y29,2,-2,-2,0,-3,-1,-1,-3,-2,-2,-2,0,-2,-2,-2,-2,-3,0,
Y30,1,-3,-3,-2,-3,-2,-2,-2,-3,-2,-1,0,-2,-2,-1,-3,-2,0,
Y31,2,-3,-2,-3,-2,-2,-3,-2,-2,-2,1,-2,-3,-2,-2,-3,-2,0,
Y32,1,-2,-2,0,-2,-3,-2,-2,-2,0,-1,0,-2,-2,-2,0,-2,-2,

,ID1,,ID2,,ID3,,ID4,,ID5,,ID6,,ID7,,ID8,,ID9,,ID10,,
Frame,X,Y,X,Y,X,Y,X,Y,X,Y,X,Y,X,Y,X,Y,X,Y,X,Y,
LINE_10,-,-,-,-,-,-,-,-,-,-,-,-,-,-,-,-,-,-,-,-,Gesture:,
RAWDATA_10,X1,X2,X3,X4,X5,X6,X7,X8,X9,X10,X11,X12,X13,X14,X15,X16,X17,X18,
Y1,,-2,0,0,-4,-1,0,-2,,,0,-2,0,-2,2,0,-2,,
Y2,2,0,0,0,2,0,0,2,2,4,2,2,2,0,2,4,0,0,
Y3,3,2,0,0,0,2,0,0,2,0,4,0,0,2,0,2,0,1,
Y4,1,-4,0,0,0,2,2,2,1,0,0,0,0,2,2,0,1,0,
Y5,1,-2,0,0,0,0,2,0,2,0,2,0,2,2,2,-4,0,0,
Y6,0,0,0,0,2,0,0,0,0,2,0,0,2,0,2,0,-2,1,
Y7,0,1,0,2,0,0,0,0,2,0,0,0,4,2,2,3,2,0,
Y8,2,0,0,0,2,-2,0,0,0,0,0,2,2,0,3,3,2,2,
Y9,2,2,0,2,2,0,0,-2,0,0,2,0,2,3,4,0,2,3,
Y10,2,2,2,0,2,1,-2,0,0,0,1,2,2,2,-1,2,2,3,
Y11,2,0,-2,0,2,0,2,0,0,2,0,-2,2,2,-2,2,2,2,
Y12,3,0,0,2,2,-2,-2,-1,-2,0,0,0,0,2,0,2,2,2,
Y13,2,2,2,2,-2,2,0,2,0,0,0,0,2,2,2,2,0,2,
Y14,2,2,2,0,-2,0,0,2,2,2,0,0,-2,0,2,2,2,2,
Y15,2,0,-2,2,-2,2,0,2,0,1,-2,0,0,2,2,0,3,2,
Y16,2,0,0,0,-2,0,0,-1,0,2,-2,0,2,2,0,-2,2,0,
Y17,2,0,0,0,-2,-2,-2,0,-1,0,0,0,0,0,2,0,2,0,
Y18,2,2,-2,0,-2,-2,-2,0,-2,-2,0,-2,-2,0,-1,0,2,2,
Y19,0,0,0,-2,-2,0,0,-2,2,2,-2,-2,0,-2,-2,0,2,0,
Y20,-2,0,-2,-2,0,-2,-2,-2,-2,0,-2,0,-2,-2,0,-2,0,2,
Y21,0,0,0,-2,-2,-2,0,0,-1,-2,-2,-2,-2,2,-1,-2,-2,-2,
Y22,0,-2,0,-2,0,0,-2,0,0,0,0,-2,-2,0,-2,-2,-2,0,
Y23,4,-3,-2,-2,-2,-2,-2,-3,0,0,-2,-2,-2,-3,0,-4,-2,2,
Y24,0,-2,-3,-3,-3,-2,-4,2,-3,-2,-2,0,-3,-2,-2,-3,-2,2,
Y25,0,-2,-3,0,-2,-3,-3,-1,-3,-2,-2,-2,-2,-2,-2,0,-3,-2,
Y26,0,-2,-3,0,-2,-2,-3,-2,-1,-3,-1,-3,-2,-2,-2,-2,0,0,
Y27,0,-2,0,-2,-2,-2,-2,0,-3,-2,-2,0,-2,-3,0,-3,-2,2,
Y28,0,-2,-3,-2,-2,-3,-3,-1,-3,-2,0,0,-2,-2,0,-3,-2,0,
Y29,2,-2,-2,0,-2,-1,-1,-3,-2,-2,-2,0,-2,-2,0,-2,-2,-2,
Y30,0,-3,-2,-2,-3,-2,-2,-3,-2,-3,-2,0,-2,-2,1,-3,-2,-2,
Y31,0,-3,-3,-4,-4,-2,-2,-2,-2,-2,0,-2,-2,-2,-2,-2,-2,0,
Y32,0,-2,-3,-2,-4,-3,-2,-2,-2,0,-1,0,0,-2,0,0,-4,0,

,ID1,,ID2,,ID3,,ID4,,ID5,,ID6,,ID7,,ID8,,ID9,,ID10,,
Frame,X,Y,X,Y,X,Y,X,Y,X,Y,X,Y,X,Y,X,Y,X,Y,X,Y,
LINE_11,-,-,-,-,-,-,-,-,-,-,-,-,-,-,-,-,-,-,-,-,Gesture:,
RAWDATA_11,X1,X2,X3,X4,X5,X6,X7,X8,X9,X10,X11,X12,X13,X14,X15,X16,X17,X18,
Y1,,0,-2,0,-2,-1,0,-2,,,0,-2,2,0,2,0,-2,,
Y2,2,2,0,0,2,0,0,2,0,4,2,2,2,-2,4,4,2,2,
Y3,3,0,2,-2,0,1,0,0,0,0,2,0,0,2,2,2,0,0,
Y4,1,-1,2,0,0,2,2,2,1,0,0,0,0,2,2,0,2,0,
Y5,1,-2,1,0,-2,0,2,-2,0,-2,2,0,4,2,4,-2,0,1,
Y6,0,0,0,-2,0,0,2,0,0,2,0,2,0,-2,2,0,-2,1,
Y7,1,1,0,0,0,0,0,2,2,-2,0,2,2,2,2,3,2,0,
Y8,0,0,2,-2,0,0,0,-2,0,-2,2,2,0,0,3,2,2,2,
Y9,2,2,0,0,2,2,0,0,0,2,2,2,2,4,4,0,2,3,
Y10,2,2,-2,2,2,1,-2,0,0,0,3,0,2,4,1,2,2,3,
Y11,2,0,-2,0,0,0,2,0,0,4,0,0,2,4,0,2,2,3,
Y12,3,0,2,0,2,-2,-2,-1,-4,0,2,0,0,2,0,2,2,2,
Y13,2,2,0,0,0,0,0,0,0,0,2,0,2,2,4,0,0,0,
Y14,3,2,2,0,-2,0,0,0,1,2,0,-1,0,0,2,2,0,2,
Y15,2,2,-2,0,-2,2,0,0,0,2,-2,0,0,2,2,0,3,2,
Y16,2,0,0,0,-2,1,0,-1,-2,2,0,0,2,0,0,-2,2,-2,
Y17,4,-2,0,-2,0,-2,-2,0,-1,2,0,-2,0,2,0,0,2,2,
Y18,2,2,-4,-2,0,-2,-2,-2,-2,-2,0,-1,0,2,-1,0,2,2,
Y19,0,2,-2,-2,-2,0,0,-2,0,2,-1,0,-2,0,0,0,0,0,
Y20,0,2,-2,-2,0,0,0,-2,0,-2,0,-2,-2,-2,0,0,2,2,
Y21,0,2,0,-2,-2,-2,-2,0,-2,-2,-2,-2,-2,2,-1,-2,-1,-2,
Y22,2,-2,0,-4,-2,0,-3,0,0,0,0,-2,-2,0,-1,0,-2,0,
Y23,2,-1,-2,-2,-2,-2,0,-3,-2,-2,-2,0,0,-2,0,-3,-1,2,
Y24,0,-2,-2,-2,-2,-4,-2,-2,-3,-2,-2,-2,-3,-2,-2,-2,-2,1,
Y25,2,-2,-3,-2,-3,-2,-2,-2,-3,-3,-2,-2,0,-2,-2,0,-2,-2,
Y26,0,-2,-3,-2,-2,-2,-3,-2,-2,-3,-2,-3,0,-2,-2,0,0,0,
Y27,2,-2,0,-2,-2,-3,-2,-2,-2,0,-3,0,-2,-2,0,-2,-1,2,
Y28,0,-3,-3,-3,-2,-3,-2,-1,-3,-2,0,0,-2,-3,-2,-2,-3,0,
Y29,2,-4,-2,0,-3,0,0,-3,-2,-2,-3,2,-2,-2,-2,-2,-3,-2,
Y30,1,-3,-2,-3,-2,0,-2,-3,-2,-3,-2,0,-3,0,-1,-3,-2,-2,
Y31,0,-2,-3,-3,-3,-2,-2,-3,-3,-3,0,-2,-3,-2,-2,-3,-2,2,
Y32,1,-4,-2,0,-2,-2,0,-3,-2,0,-1,0,-2,-2,1,2,-2,0,

,ID1,,ID2,,ID3,,ID4,,ID5,,ID6,,ID7,,ID8,,ID9,,ID10,,
Frame,X,Y,X,Y,X,Y,X,Y,X,Y,X,Y,X,Y,X,Y,X,Y,X,Y,
LINE_12,-,-,-,-,-,-,-,-,-,-,-,-,-,-,-,-,-,-,-,-,Gesture:,
RAWDATA_12,X1,X2,X3,X4,X5,X6,X7,X8,X9,X10,X11,X12,X13,X14,X15,X16,X17,X18,
Y1,,0,-2,0,-2,-1,0,-2,,,0,-2,2,-2,2,0,-2,,
Y2,1,2,2,-2,1,0,0,2,0,1,2,2,2,0,2,4,0,2,
Y3,1,-2,0,0,0,1,0,-2,0,0,2,0,-2,2,0,2,0,0,
Y4,1,-1,0,-2,-2,2,2,2,1,0,0,-2,0,0,0,0,1,0,
Y5,0,-4,0,0,-4,0,0,-2,-2,0,2,0,2,0,1,-1,0,2,
Y6,0,-2,0,0,-2,0,0,0,0,0,0,0,2,0,2,0,-2,1,
Y7,0,1,0,0,0,0,0,0,2,0,0,2,2,2,2,3,2,0,
Y8,0,0,0,0,0,0,2,-2,0,0,0,2,2,-2,3,2,2,2,
Y9,0,2,0,-2,0,0,0,0,0,0,2,2,2,3,2,0,3,3,
Y10,2,2,-2,2,0,1,0,0,0,-2,2,0,0,4,-2,0,0,2,
Y11,2,-2,-4,-2,2,-2,0,-2,0,2,0,0,4,4,0,0,2,2,
Y12,2,0,0,0,0,-2,-4,-3,-2,-2,2,0,0,0,0,0,2,2,
Y13,2,2,0,2,0,2,0,0,0,0,2,0,2,2,2,2,0,0,
Y14,2,2,0,0,0,2,0,2,2,2,2,0,0,0,2,2,1,0,
Y15,0,2,0,0,-4,2,-2,0,2,2,0,0,0,0,2,-2,1,1,
Y16,1,0,-2,0,-2,1,0,-1,0,2,0,-2,2,0,0,-2,1,-2,
Y17,2,0,-2,-2,0,-4,0,0,-1,2,0,0,-2,2,0,0,2,2,
Y18,4,0,-2,0,0,-2,-1,0,-2,-2,2,-1,0,2,-1,0,0,2,
Y19,-2,0,0,-2,-4,0,0,-2,0,2,-1,0,-2,0,0,-2,0,2,
Y20,0,0,-2,-2,-2,0,-2,0,0,-2,0,-2,-2,0,0,2,2,0,
Y21,-2,0,0,-2,-2,-2,-2,-2,-3,-2,-3,-2,-2,2,-1,-2,-1,-2,
Y22,0,-2,0,-4,-2,0,-3,-2,-2,-2,-1,-2,0,0,-3,-2,-2,-2,
Y23,2,-2,-2,-2,0,-2,0,-3,0,-2,-2,-2,-2,-3,2,-3,-2,2,
Y24,2,0,-3,-2,-2,-3,-2,0,-3,-3,-2,0,-2,-2,-2,-2,-2,2,
Y25,0,-3,-3,-2,-3,-2,-2,-4,-5,-3,-1,-2,-2,-2,-2,-2,-2,-2,
Y26,0,-4,-3,-2,-2,-2,-3,-4,-2,-3,-2,-3,0,-3,-4,0,0,-2,
Y27,0,-3,-2,-2,-3,-2,-4,-2,-4,-2,-2,-2,-2,-2,-2,-2,-3,2,
Y28,0,-3,-2,-3,-2,-2,-3,-2,-4,-4,-2,-4,-2,-3,-2,-3,-3,-2,
Y29,0,-2,-2,-2,-2,0,0,-3,-2,-2,-2,2,-2,-2,0,-2,-3,-2,
Y30,1,-3,-2,-3,-2,0,0,-3,-2,-2,-3,0,-2,-2,0,-3,-3,-2,
Y31,0,-2,-2,-3,-3,0,-2,-3,-2,-4,-1,-2,-3,-2,-2,-3,-2,0,
Y32,1,-2,-2,-2,-2,-2,-2,-3,-2,-2,-3,2,-2,-2,-1,-2,-3,2,

,ID1,,ID2,,ID3,,ID4,,ID5,,ID6,,ID7,,ID8,,ID9,,ID10,,
Frame,X,Y,X,Y,X,Y,X,Y,X,Y,X,Y,X,Y,X,Y,X,Y,X,Y,
LINE_13,-,-,-,-,-,-,-,-,-,-,-,-,-,-,-,-,-,-,-,-,Gesture:,
RAWDATA_13,X1,X2,X3,X4,X5,X6,X7,X8,X9,X10,X11,X12,X13,X14,X15,X16,X17,X18,
Y1,,0,-4,0,-4,-1,0,0,,,2,0,0,-2,0,-2,-2,,
Y2,2,2,2,0,1,0,0,2,2,0,2,0,2,0,2,2,0,2,
Y3,1,0,0,0,0,0,0,-4,2,0,2,0,-2,4,2,4,2,0,
Y4,0,-1,0,0,-2,0,2,2,1,0,0,0,-2,2,2,0,2,0,
Y5,1,-2,0,0,-2,0,2,2,-2,0,2,0,0,2,2,2,2,3,
Y6,0,-2,2,0,0,0,2,0,2,0,0,0,4,2,2,0,2,2,
Y7,0,0,0,0,0,0,2,2,2,0,0,4,2,0,2,3,4,0,
Y8,0,0,0,2,-2,0,2,-2,2,0,0,2,2,0,3,2,2,2,
Y9,2,2,0,-2,2,0,0,0,0,0,0,0,2,2,2,0,2,3,
Y10,2,2,0,2,1,1,0,0,0,-2,2,0,2,3,-2,2,0,2,
Y11,0,-2,-2,-2,2,0,1,0,0,2,2,-2,2,2,0,0,2,2,
Y12,2,0,2,0,0,-2,-2,-1,-2,0,2,0,0,2,0,0,2,3,
Y13,0,2,-2,2,0,0,0,0,0,0,2,0,3,4,0,2,2,0,
Y14,2,2,2,0,2,2,0,0,2,2,2,0,0,2,0,2,2,0,
Y15,0,2,0,0,-2,0,0,0,2,1,0,0,2,0,2,-2,2,2,
Y16,2,0,0,0,-4,0,0,0,0,2,-4,0,4,-2,-2,0,1,0,
Y17,1,-2,-2,-2,-2,-4,0,0,-1,0,0,0,-2,2,0,0,2,2,
Y18,1,0,-2,0,-2,-2,0,0,-2,-2,0,-1,0,2,0,0,0,2,
Y19,0,0,0,-2,-3,0,0,-4,0,2,-1,2,-2,-2,-2,-2,0,2,
Y20,-2,0,-2,-2,-2,0,0,0,0,-2,0,-2,0,0,0,2,2,0,
Y21,-2,0,2,-2,-2,-1,0,-2,-1,0,-2,-2,-2,2,-2,-2,-1,0,
Y22,-2,-2,0,-2,-2,0,0,0,0,0,-3,-2,0,0,-1,-2,-2,-2,
Y23,2,-2,-2,0,0,-3,0,-3,-2,-2,-2,-2,0,0,2,-2,-2,0,
Y24,0,0,-4,-2,-3,-3,-2,0,-3,-2,-2,-2,-3,-2,-2,-2,0,1,
Y25,0,-3,-3,-2,-3,-2,-3,-2,-2,-3,-2,-2,-2,-2,-3,0,-2,-2,
Y26,0,-4,-3,-2,-3,-3,-1,0,-2,-3,-3,-2,0,-3,-2,0,0,0,
Y27,0,-2,-2,-2,-2,-3,-2,-2,-2,0,-2,0,-2,-2,0,-2,-2,0,
Y28,0,-3,-2,-2,-2,-2,-2,-2,-2,-4,-2,-2,-2,-3,-2,-2,-3,-2,
Y29,0,-2,-2,0,-2,-1,2,-3,-2,-2,-3,2,0,0,-2,-2,-2,0,
Y30,0,-3,-2,-2,-2,0,0,-3,-3,-2,-3,0,-2,-2,1,-2,-2,0,
Y31,2,-1,-2,-3,-2,-2,-2,-3,-2,-2,0,-2,-3,-2,-2,-2,-2,0,
Y32,1,0,-2,-2,-3,-2,0,-2,-2,-2,-3,0,-2,-3,1,-2,-2,-2,

,ID1,,ID2,,ID3,,ID4,,ID5,,ID6,,ID7,,ID8,,ID9,,ID10,,
Frame,X,Y,X,Y,X,Y,X,Y,X,Y,X,Y,X,Y,X,Y,X,Y,X,Y,
LINE_14,-,-,-,-,-,-,-,-,-,-,-,-,-,-,-,-,-,-,-,-,Gesture:,
RAWDATA_14,X1,X2,X3,X4,X5,X6,X7,X8,X9,X10,X11,X12,X13,X14,X15,X16,X17,X18,
Y1,,0,-4,-2,-2,-1,0,0,,,0,-2,0,0,0,-2,-2,,
Y2,2,2,0,0,1,0,2,2,2,2,4,2,2,0,2,1,2,2,
Y3,2,2,2,0,2,1,0,-2,2,0,0,0,0,2,0,2,2,0,
Y4,1,-1,0,0,0,0,2,2,0,0,-2,2,2,2,0,2,2,2,
Y5,1,0,2,0,-2,0,2,2,-2,-2,0,0,0,2,2,2,2,2,
Y6,2,-2,2,0,-2,0,2,0,2,2,0,0,2,0,0,2,0,0,
Y7,0,0,2,2,-2,2,2,0,2,-2,2,4,2,0,2,2,2,0,
Y8,0,0,2,0,-2,0,2,-2,0,0,2,2,2,0,3,3,0,2,
Y9,0,2,0,-2,0,0,2,0,0,0,0,2,4,2,2,2,2,2,
Y10,2,2,0,2,1,2,0,0,2,0,2,0,2,2,-2,2,0,2,
Y11,0,0,0,-2,0,0,1,0,2,2,2,-2,2,2,0,0,2,2,
Y12,1,0,2,0,0,0,-2,0,-2,0,4,0,0,2,0,2,2,3,
Y13,2,2,-2,0,-2,0,0,2,0,0,2,0,1,2,0,2,2,0,
Y14,2,2,2,0,0,2,0,0,3,2,2,-2,0,2,0,2,3,0,
Y15,0,0,0,0,-4,0,0,0,2,2,0,-2,0,0,2,-2,2,2,
Y16,1,-2,0,-2,-2,1,0,-1,0,0,-4,-2,4,0,-2,0,0,0,
Y17,0,-2,-2,0,-2,-2,0,0,-1,0,0,0,0,0,0,0,0,2,
Y18,1,0,-2,-2,-2,0,0,0,0,-2,0,-1,0,2,-1,0,0,2,
Y19,2,2,2,-2,-2,-2,0,-1,0,2,-2,0,0,-2,-2,0,2,0,
Y20,0,0,-2,-2,-2,0,0,0,0,-2,-2,-2,2,0,-2,2,2,0,
Y21,-2,0,2,-2,-2,-1,0,-2,-2,-2,-2,-2,-2,0,-2,-2,-1,0,
Y22,-2,0,0,-2,-2,2,1,0,0,-2,-3,-2,-2,-2,-3,-2,-2,2,
Y23,4,0,-4,0,0,-2,0,-2,-2,0,-2,-2,0,0,0,0,-1,0,
Y24,0,0,-2,-2,-2,-2,-2,0,-2,-3,-2,0,-3,-2,-2,-2,-2,1,
Y25,0,-3,-3,0,-3,-2,-3,-3,-1,-3,-3,0,-2,-2,-3,2,-1,-2,
Y26,0,-3,-2,-2,-2,-2,-1,-2,-2,-3,-3,-2,0,-3,-2,0,-2,0,
Y27,0,0,-2,-2,-3,-3,-2,-2,-2,0,-2,0,-2,-2,-2,-2,-2,-2,
Y28,0,-3,-2,-2,-2,-2,-2,-2,1,-2,-2,-2,-2,-2,-4,-2,-3,-2,
Y29,-2,-2,0,0,-2,0,0,-2,-2,-2,-2,0,0,0,-2,-2,-2,0,
Y30,1,-3,-2,-2,-2,-2,0,-3,-3,-2,-4,0,0,0,1,-3,-3,0,
Y31,0,-2,-2,-3,-2,-2,-2,-2,-2,-2,-2,0,0,-2,-2,-3,-2,0,
Y32,1,-2,-2,-2,-3,-2,0,-2,-2,0,-3,0,-2,-3,0,0,-3,-2,

,ID1,,ID2,,ID3,,ID4,,ID5,,ID6,,ID7,,ID8,,ID9,,ID10,,
Frame,X,Y,X,Y,X,Y,X,Y,X,Y,X,Y,X,Y,X,Y,X,Y,X,Y,
LINE_15,-,-,-,-,-,-,-,-,-,-,-,-,-,-,-,-,-,-,-,-,Gesture:,
RAWDATA_15,X1,X2,X3,X4,X5,X6,X7,X8,X9,X10,X11,X12,X13,X14,X15,X16,X17,X18,
Y1,,0,-2,-2,-2,-2,2,0,,,0,-2,0,-2,0,0,0,,
Y2,2,2,2,0,1,2,2,0,0,2,1,2,2,2,2,2,2,2,
Y3,2,0,2,2,0,1,0,-2,0,0,2,0,2,2,0,4,2,2,
Y4,1,-1,0,0,0,0,2,0,0,0,0,2,2,2,0,2,2,2,
Y5,1,-2,2,0,-2,0,2,-2,0,-2,0,0,0,0,1,0,0,3,
Y6,2,0,2,2,0,0,2,-4,0,2,-2,0,2,0,0,0,0,1,
Y7,0,0,2,0,-2,2,0,0,2,0,0,2,2,0,0,2,2,-2,
Y8,2,2,0,-2,0,2,2,-2,0,0,2,2,2,-2,2,3,2,3,
Y9,0,2,0,0,2,0,-2,0,0,0,0,2,2,0,0,2,3,3,
Y10,2,2,0,2,2,2,0,-2,2,0,1,0,2,0,-2,2,0,2,
Y11,2,0,-2,-2,0,0,0,0,2,2,2,-2,2,2,-4,0,2,2,
Y12,2,2,2,0,-2,-2,-4,-1,-2,2,4,0,2,2,-2,2,0,3,
Y13,2,2,0,2,-2,0,0,2,0,0,2,0,2,2,0,2,2,0,
Y14,3,2,2,2,0,2,0,2,3,2,2,-2,2,2,0,2,2,2,
Y15,2,0,0,0,-2,2,0,0,0,1,0,-2,0,0,2,0,4,2,
Y16,1,0,0,0,-2,0,0,-1,-2,0,-2,-2,2,0,0,0,2,0,
Y17,2,-2,-2,0,-1,-2,2,2,-1,2,0,0,0,2,0,0,0,2,
Y18,2,0,-2,0,0,0,0,-2,-2,-2,2,-1,0,2,-1,0,2,4,
Y19,2,2,0,-2,-2,-2,-2,-3,0,0,-1,0,-2,0,-2,2,4,0,
Y20,0,0,-2,-2,-2,0,-2,-2,0,-2,0,-2,0,-2,-2,2,2,0,
Y21,0,0,0,-2,-2,-1,-2,-2,-2,-2,-2,-2,-2,-2,-2,0,-1,0,
Y22,-2,0,2,-2,-2,2,0,-2,0,-2,-2,-3,-2,0,-1,-2,0,2,
Y23,2,-1,-3,-2,0,-1,-2,-3,-2,0,-2,-2,0,-1,2,-2,-1,4,
Y24,0,-2,-2,-2,-2,-2,-2,0,-3,-3,-2,0,-2,-2,0,-2,0,1,
Y25,0,-2,-3,0,-3,-2,-2,-2,-1,-2,-3,0,-4,-2,-3,0,-1,-2,
Y26,0,-3,-3,0,-2,-3,-2,-2,-2,-3,-2,-2,0,-3,-3,0,-2,0,
Y27,0,-2,-4,-2,-2,-3,-1,-4,-3,-2,-3,0,-4,-2,-2,-2,-2,0,
Y28,2,-3,-3,-2,-2,-3,-2,-2,-2,-2,-2,0,-2,-2,-2,-2,-3,-2,
Y29,-2,0,0,0,-2,0,0,-3,-2,-2,-2,0,-1,0,0,-2,-2,0,
Y30,1,-2,0,-2,0,-2,-2,-2,-2,-3,-2,0,0,-1,1,-2,-3,0,
Y31,0,-2,-3,-3,-2,-2,-2,-2,-2,-1,-2,0,-2,-2,-2,-3,-3,-2,
Y32,1,-2,-3,-4,-3,-2,0,-3,-2,-2,-3,0,-2,-3,2,0,-2,-2,

,ID1,,ID2,,ID3,,ID4,,ID5,,ID6,,ID7,,ID8,,ID9,,ID10,,
Frame,X,Y,X,Y,X,Y,X,Y,X,Y,X,Y,X,Y,X,Y,X,Y,X,Y,
LINE_16,-,-,-,-,-,-,-,-,-,-,-,-,-,-,-,-,-,-,-,-,Gesture:,
RAWDATA_16,X1,X2,X3,X4,X5,X6,X7,X8,X9,X10,X11,X12,X13,X14,X15,X16,X17,X18,
Y1,,-2,0,0,-4,-2,0,0,,,2,0,-2,0,0,0,-2,,
Y2,3,2,2,0,1,0,0,2,0,3,3,2,0,0,2,2,0,2,
Y3,3,0,2,0,0,1,0,-2,0,0,2,0,0,0,2,2,2,2,
Y4,3,0,0,2,0,0,0,0,2,2,0,2,0,0,0,2,3,4,
Y5,1,-2,2,0,-2,-2,2,-2,-2,0,0,0,-2,0,1,-2,2,2,
Y6,2,0,2,2,0,0,2,-4,0,2,-2,0,0,0,0,2,2,3,
Y7,2,0,2,0,-2,2,2,0,2,2,2,2,4,0,2,2,2,0,
Y8,2,0,0,-2,0,2,0,0,0,-2,0,2,2,0,3,3,0,2,
Y9,0,2,2,2,0,0,0,2,0,2,0,2,2,-1,0,0,2,3,
Y10,2,2,0,0,1,1,-2,0,0,2,2,0,0,0,-2,0,0,2,
Y11,2,0,-2,0,0,0,1,0,2,2,2,-2,0,2,-2,0,2,2,
Y12,3,2,2,0,0,-2,-2,-1,-2,0,2,0,0,2,-2,4,1,2,
Y13,2,2,-2,2,-2,0,0,2,0,-2,0,0,0,2,0,4,2,2,
Y14,3,4,2,2,0,2,2,0,2,2,0,-2,0,0,2,4,2,2,
Y15,2,2,2,2,-2,0,0,0,0,1,0,-2,2,0,2,0,0,2,
Y16,3,0,0,-2,-2,0,0,0,-2,2,0,0,2,0,0,0,1,2,
Y17,2,-2,-2,0,0,-2,0,2,-1,2,0,0,0,0,0,2,0,0,
Y18,1,0,-2,0,0,0,-2,0,-2,-2,2,0,0,0,-1,0,0,2,
Y19,0,0,0,-2,-2,0,0,-2,0,2,-1,0,-2,-2,-2,2,2,0,
Y20,0,0,-2,-2,-2,-2,0,-2,0,0,-2,-4,0,-2,0,2,2,0,
Y21,0,2,0,-4,-2,-2,-2,-2,-2,-2,-2,0,-2,-2,-2,-2,-1,-2,
Y22,-2,0,0,-3,-2,0,0,-2,0,0,0,-2,0,0,-2,-2,0,0,
Y23,2,0,-2,0,0,-2,-2,-3,-2,2,-2,-2,-2,-1,2,-3,-1,2,
Y24,0,-2,-2,-2,-2,-2,-2,0,-2,-2,-2,-2,-2,-2,-2,-2,0,1,
Y25,2,-2,-2,0,-2,-2,-2,-2,-1,-2,-3,-2,-4,-3,-3,0,0,-2,
Y26,0,-1,-3,0,-2,-2,-2,-2,-3,-3,-2,-2,-2,-3,-2,-2,0,0,
Y27,2,0,-2,-2,-2,-3,0,-3,-3,0,-3,-2,-3,-2,-2,-3,-2,2,
Y28,2,-1,-3,-2,-2,-3,0,-2,-2,0,-2,-2,-2,-3,-2,-2,-3,0,
Y29,0,-2,1,-2,-2,0,-2,-3,-2,-2,-2,0,-2,-2,0,-2,-2,0,
Y30,2,-1,0,-2,-2,0,-2,-2,-2,-3,0,-4,-2,-2,-1,-2,-3,0,
Y31,2,-1,-3,-2,-3,-2,-2,-2,-3,1,-2,0,-2,-3,-3,-3,-3,-2,
Y32,1,-2,-2,-2,-3,-2,-2,-2,-2,0,-1,0,-2,-3,2,0,-2,0,

,ID1,,ID2,,ID3,,ID4,,ID5,,ID6,,ID7,,ID8,,ID9,,ID10,,
Frame,X,Y,X,Y,X,Y,X,Y,X,Y,X,Y,X,Y,X,Y,X,Y,X,Y,
LINE_17,-,-,-,-,-,-,-,-,-,-,-,-,-,-,-,-,-,-,-,-,Gesture:,
RAWDATA_17,X1,X2,X3,X4,X5,X6,X7,X8,X9,X10,X11,X12,X13,X14,X15,X16,X17,X18,
Y1,,-2,-2,0,-2,0,0,2,,,2,0,0,0,2,0,0,,
Y2,2,2,2,0,1,0,2,2,2,3,3,2,0,0,2,1,0,4,
Y3,3,2,4,0,2,3,0,0,0,0,2,2,0,0,4,0,0,2,
Y4,2,1,2,0,2,2,0,2,4,2,0,0,2,0,2,2,3,2,
Y5,2,2,2,2,0,0,2,0,-2,0,2,2,-2,2,3,2,0,2,
Y6,2,2,2,2,2,0,2,0,0,4,0,2,2,2,4,2,2,3,
Y7,4,2,4,0,-2,2,2,0,2,0,0,2,3,2,2,2,2,2,
Y8,0,0,0,0,0,2,0,-2,2,0,0,2,2,0,3,2,2,2,
Y9,0,3,2,2,0,2,0,0,-2,2,0,0,0,0,0,2,2,3,
Y10,4,2,2,0,2,3,0,0,2,2,1,0,0,2,-2,2,0,2,
Y11,2,0,0,2,0,0,2,-2,2,2,2,-2,2,4,-2,2,2,2,
Y12,2,2,2,0,0,0,-2,-1,-2,2,0,2,0,2,0,2,2,3,
Y13,2,2,-2,2,-2,-2,0,0,-2,-2,2,0,1,4,0,2,2,2,
Y14,3,4,2,0,0,2,0,0,1,0,0,-2,0,0,2,2,0,2,
Y15,0,2,0,2,-2,0,0,0,0,1,0,-2,2,2,2,0,0,2,
Y16,2,-2,0,0,0,0,0,-1,-2,2,0,-2,2,0,0,-2,2,4,
Y17,2,-2,0,0,0,-2,0,4,-1,4,0,0,2,2,2,2,2,0,
Y18,1,0,-2,0,2,0,-2,0,-2,0,0,0,0,0,-1,0,0,4,
Y19,0,2,0,0,-1,0,0,0,2,2,-1,0,0,-2,-2,2,2,0,
Y20,0,2,-2,0,-2,-2,0,0,0,0,-2,-2,0,0,2,0,0,-2,
Y21,2,2,2,-1,0,-1,0,-2,-1,2,-1,0,-2,0,-1,0,0,0,
Y22,2,0,2,-1,0,0,0,-2,0,2,-1,-1,2,0,-1,-2,0,0,
Y23,1,0,0,0,0,-2,-2,-2,-2,2,0,-2,-2,-1,0,-2,-1,2,
Y24,0,-2,0,-1,-2,-2,-2,0,-2,0,0,-2,-2,-2,-2,-2,0,1,
Y25,2,-2,-3,0,-2,-2,-2,-2,-2,-2,-2,-2,-2,-3,-3,-2,-1,0,
Y26,0,-1,-2,0,-3,-2,-2,-2,-2,-3,-2,-3,-2,-2,-2,0,0,0,
Y27,2,0,0,0,-2,-3,-2,-3,-3,0,-2,-2,-2,-2,0,-2,-2,0,
Y28,2,-2,-2,0,-2,-3,-2,-2,-2,0,0,0,0,-3,-2,-2,-3,0,
Y29,0,-4,0,-2,-2,0,-2,-3,-3,-2,-1,0,-2,-2,-2,-2,-2,-2,
Y30,2,-4,-1,-2,-2,0,-2,-2,-2,-2,0,-4,-2,-2,0,-2,-3,-4,
Y31,0,-2,-2,-2,-3,-2,-2,-2,-2,0,-2,0,-2,-2,-2,-3,-2,0,
Y32,1,-2,-2,0,-2,-2,-2,-2,-4,0,-1,0,-4,-3,2,0,-2,0,

,ID1,,ID2,,ID3,,ID4,,ID5,,ID6,,ID7,,ID8,,ID9,,ID10,,
Frame,X,Y,X,Y,X,Y,X,Y,X,Y,X,Y,X,Y,X,Y,X,Y,X,Y,
LINE_18,-,-,-,-,-,-,-,-,-,-,-,-,-,-,-,-,-,-,-,-,Gesture:,
RAWDATA_18,X1,X2,X3,X4,X5,X6,X7,X8,X9,X10,X11,X12,X13,X14,X15,X16,X17,X18,
Y1,,-2,-2,0,-1,0,2,0,,,4,0,2,0,2,0,0,,
Y2,2,2,0,2,2,2,4,2,2,2,3,2,0,2,4,0,2,2,
Y3,3,2,4,2,2,2,2,0,2,2,2,2,0,2,4,2,2,2,
Y4,2,0,2,0,2,2,4,0,1,2,0,2,2,0,2,0,3,2,
Y5,2,0,2,2,0,2,4,-2,-2,0,2,2,0,2,3,2,0,2,
Y6,2,2,2,0,2,2,4,-4,0,2,-2,0,4,0,4,2,0,3,
Y7,4,0,4,2,0,4,2,2,1,0,0,2,2,2,2,2,2,0,
Y8,2,2,2,2,0,2,2,-2,2,0,2,2,2,0,3,2,2,2,
Y9,2,2,2,0,2,2,2,0,0,2,2,0,2,0,2,0,2,3,
Y10,2,2,2,0,2,3,0,0,2,2,2,2,2,2,-2,2,0,2,
Y11,2,2,0,2,0,-2,1,0,2,2,2,0,2,3,0,2,2,3,
Y12,3,2,2,0,2,0,0,-1,-2,2,0,2,2,4,0,2,3,3,
Y13,2,4,-2,2,-2,0,0,2,-2,0,2,0,0,2,2,0,2,2,
Y14,2,3,2,2,0,4,0,2,1,2,2,-2,-2,2,2,2,0,2,
Y15,0,2,2,0,-2,2,0,2,0,1,0,0,2,2,4,0,0,2,
Y16,1,0,2,2,0,2,0,0,-2,2,0,0,2,4,2,0,3,2,
Y17,2,0,0,0,2,-2,0,4,2,2,0,0,2,2,4,2,2,2,
Y18,1,0,0,0,2,2,-2,0,0,0,-2,0,0,2,0,0,0,2,
Y19,0,2,0,2,-1,0,0,0,0,2,0,0,2,2,0,2,2,0,
Y20,0,2,-2,0,-2,0,-2,0,0,0,-2,-2,2,0,2,0,2,-2,
Y21,2,2,2,0,0,0,0,0,-1,0,0,0,0,4,0,0,2,0,
Y22,2,0,2,-1,0,2,0,-2,0,0,-1,-1,0,2,-1,0,-2,0,
Y23,3,0,-2,0,0,-1,0,-2,-2,0,-2,-2,-2,-1,2,-1,-1,0,
Y24,2,0,-1,0,0,0,0,0,-3,-2,0,-2,-2,-4,-2,-2,0,1,
Y25,2,-1,-1,0,0,-2,-2,0,-2,-3,-2,0,-2,-2,-2,-2,-1,0,
Y26,0,0,-2,0,-3,-2,-2,-2,-2,-3,-2,-2,-2,-2,-2,0,0,-2,
Y27,4,0,-2,-2,-2,-2,-4,-3,-2,-2,-2,0,-3,-2,-2,-2,0,0,
Y28,2,-1,-2,0,-2,-2,-2,-2,-2,0,-2,0,0,-2,0,0,-2,0,
Y29,0,-2,-2,-2,0,2,-2,-3,-2,-2,-2,0,0,-2,-1,0,-3,-2,
Y30,2,-2,-2,-2,-1,0,0,-3,-3,-2,0,-2,0,-1,0,0,-3,-2,
Y31,2,-3,-3,0,-2,-2,0,-3,-2,1,0,0,0,-1,0,-1,0,0,
Y32,1,-2,-2,-2,-2,-2,-2,-2,-1,2,-1,0,-2,-1,0,2,0,0,

,ID1,,ID2,,ID3,,ID4,,ID5,,ID6,,ID7,,ID8,,ID9,,ID10,,
Frame,X,Y,X,Y,X,Y,X,Y,X,Y,X,Y,X,Y,X,Y,X,Y,X,Y,
LINE_19,-,-,-,-,-,-,-,-,-,-,-,-,-,-,-,-,-,-,-,-,Gesture:,
RAWDATA_19,X1,X2,X3,X4,X5,X6,X7,X8,X9,X10,X11,X12,X13,X14,X15,X16,X17,X18,
Y1,,-2,-2,0,-1,-1,2,0,,,2,0,2,2,2,0,0,,
Y2,2,2,2,2,3,2,2,2,2,2,3,2,0,2,3,0,2,4,
Y3,3,4,2,2,4,1,2,0,0,0,2,2,0,4,2,2,2,2,
Y4,3,0,2,2,2,2,6,0,1,2,0,0,0,0,4,0,3,2,
Y5,2,0,2,2,0,2,4,0,-2,0,2,0,-2,2,3,0,0,2,
Y6,2,2,2,2,2,2,4,0,0,2,-2,0,4,2,4,2,0,3,
Y7,3,2,3,2,0,4,2,2,2,0,0,0,0,2,2,2,4,0,
Y8,2,0,0,0,0,2,2,0,2,2,2,2,2,2,2,2,2,2,
Y9,2,2,2,0,2,2,2,0,0,0,2,0,0,0,0,0,2,3,
Y10,2,2,2,0,1,3,0,0,0,0,3,2,0,2,-2,0,0,2,
Y11,2,2,0,0,-2,0,2,0,2,2,2,0,4,1,0,2,2,2,
Y12,2,2,4,0,0,0,0,-1,-2,4,2,0,2,0,-2,2,3,3,
Y13,2,2,-2,2,-2,0,0,2,-2,0,2,0,2,2,2,2,0,2,
Y14,2,2,4,2,0,4,0,2,1,2,0,-2,0,2,2,2,0,2,
Y15,2,2,2,0,0,2,0,2,-2,1,0,-2,2,0,3,0,0,2,
Y16,2,2,2,0,0,2,0,0,0,0,2,0,2,2,0,0,2,2,
Y17,2,0,0,2,0,0,2,2,-2,2,0,2,2,0,2,2,2,4,
Y18,2,2,0,-2,2,0,-2,0,-2,-2,0,0,0,2,0,0,0,4,
Y19,0,2,0,0,-1,2,0,0,2,2,0,0,0,0,0,0,4,0,
Y20,0,0,0,0,-2,2,0,0,2,0,0,-2,0,0,0,2,0,-2,
Y21,0,2,2,0,0,0,2,0,-2,0,-1,0,0,4,-1,-2,0,0,
Y22,0,0,2,-1,0,0,2,-2,0,-2,-2,-1,0,0,-2,-2,0,0,
Y23,2,-1,-2,0,0,-1,0,-2,-2,-2,-2,-2,0,-1,2,-2,-1,0,
Y24,4,0,-1,0,1,1,0,0,-3,-2,-2,-2,-2,-4,-2,-2,-2,1,
Y25,0,-1,-1,0,0,-1,0,-2,-1,-3,-2,0,-2,-2,-2,-2,-1,0,
Y26,2,0,-2,0,-1,-2,-2,-2,-2,-3,-2,-2,-2,-2,-2,0,0,0,
Y27,4,-2,0,0,-1,0,-2,-3,-1,-2,-2,0,-2,-2,-2,-2,0,0,
Y28,4,0,-2,0,0,-1,0,-2,-3,0,-4,0,0,-1,0,-2,-2,0,
Y29,-2,0,0,-2,-1,2,-2,-3,-2,-2,-2,0,0,0,0,0,-2,0,
Y30,1,-2,-2,-3,0,-2,-2,-2,-3,-2,0,-2,0,0,0,0,-1,-2,
Y31,2,0,-2,-2,-2,-2,-2,-3,-2,0,-2,0,0,-1,-2,-1,0,0,
Y32,2,-2,-2,0,-2,-2,0,-2,-2,0,-1,2,0,-1,0,0,0,-2,

,ID1,,ID2,,ID3,,ID4,,ID5,,ID6,,ID7,,ID8,,ID9,,ID10,,
Frame,X,Y,X,Y,X,Y,X,Y,X,Y,X,Y,X,Y,X,Y,X,Y,X,Y,
LINE_20,-,-,-,-,-,-,-,-,-,-,-,-,-,-,-,-,-,-,-,-,Gesture:,
RAWDATA_20,X1,X2,X3,X4,X5,X6,X7,X8,X9,X10,X11,X12,X13,X14,X15,X16,X17,X18,
Y1,,-2,-2,0,-1,-2,2,0,,,0,0,0,0,2,0,0,,
Y2,0,2,0,0,2,2,2,2,2,0,3,2,0,2,2,0,2,2,
Y3,3,2,4,2,2,0,0,0,0,2,2,0,0,2,2,3,0,0,
Y4,2,-2,2,2,-2,0,2,0,1,2,0,2,-2,0,0,2,2,2,
Y5,1,0,2,2,-2,0,2,0,-2,0,0,2,-4,0,2,0,0,3,
Y6,0,-2,2,0,2,0,2,2,0,2,0,0,1,0,2,2,0,2,
Y7,2,2,1,0,0,2,2,2,2,0,0,4,0,2,2,2,2,0,
Y8,2,2,-2,0,0,0,2,-2,2,2,2,2,0,0,2,2,2,2,
Y9,2,2,0,-2,2,4,0,0,0,-2,2,2,0,0,0,2,2,2,
Y10,2,2,0,0,1,3,0,0,0,-2,2,2,0,2,-2,0,0,2,
Y11,0,2,0,-2,-2,0,1,0,2,0,2,0,1,0,0,0,2,2,
Y12,2,2,2,0,0,-2,-2,-1,0,2,0,2,0,0,-2,2,2,2,
Y13,3,2,-2,2,-2,0,0,0,-2,-2,2,2,1,0,2,2,0,2,
Y14,2,0,2,0,0,2,0,0,1,2,2,0,0,2,2,2,0,0,
Y15,2,2,0,2,-2,2,0,2,-2,1,2,0,0,0,2,0,1,2,
Y16,3,0,0,0,0,2,0,-2,0,0,0,0,0,0,0,-2,1,2,
Y17,2,0,0,0,0,0,0,0,-2,2,0,2,0,0,2,0,2,2,
Y18,2,2,-2,-2,0,-2,-2,-2,2,-2,0,2,0,2,0,0,2,3,
Y19,0,2,-2,0,-2,0,-2,-2,0,0,0,0,-2,0,-2,0,2,-2,
Y20,0,0,0,0,-2,0,-2,0,2,-2,0,0,0,0,-2,0,0,-2,
Y21,0,0,2,-2,-2,0,2,-2,-1,0,0,0,-2,2,-1,0,-2,0,
Y22,-2,-2,0,-3,-2,0,2,-2,0,-2,-1,0,-2,0,-1,-2,0,-2,
Y23,1,-2,-2,-2,-2,-2,0,-2,-2,-2,-2,0,-2,-2,0,-2,-2,0,
Y24,2,-2,-2,0,0,0,0,0,-3,-2,-2,-2,-2,-3,-2,-3,-4,1,
Y25,0,-3,-3,0,-1,-2,-2,-2,-2,-3,-2,-2,-3,-2,-2,-2,-2,0,
Y26,0,-2,-4,0,-2,-2,-2,-3,-2,-3,-2,-2,-2,-2,-2,-2,0,-2,
Y27,1,-4,-2,0,-2,0,-2,-3,-1,-2,-2,2,-3,-2,-2,-2,-2,0,
Y28,0,-2,-3,-3,-2,-2,-1,-4,-2,-2,-2,0,-2,-2,-2,-3,-3,0,
Y29,0,0,0,0,-2,0,-2,-4,-4,-2,-2,2,-2,-2,0,0,-3,0,
Y30,1,-2,-2,-3,-2,-2,-2,-4,-4,-2,-2,0,-2,-2,0,-2,-2,0,
Y31,0,-2,-4,-1,-2,-2,-3,-3,-2,-3,-2,0,-2,-3,-3,-3,0,0,
Y32,1,-2,-3,-2,-3,-2,0,-2,-2,0,-1,2,-2,-3,0,-2,-2,-2,

,ID1,,ID2,,ID3,,ID4,,ID5,,ID6,,ID7,,ID8,,ID9,,ID10,,
Frame,X,Y,X,Y,X,Y,X,Y,X,Y,X,Y,X,Y,X,Y,X,Y,X,Y,
LINE_21,-,-,-,-,-,-,-,-,-,-,-,-,-,-,-,-,-,-,-,-,Gesture:,
RAWDATA_21,X1,X2,X3,X4,X5,X6,X7,X8,X9,X10,X11,X12,X13,X14,X15,X16,X17,X18,
Y1,,-2,-2,-2,-1,-1,2,0,,,2,-2,0,0,0,-2,-2,,
Y2,0,0,0,0,2,2,2,4,2,2,3,0,0,2,1,0,0,2,
Y3,1,0,2,2,0,2,2,0,2,2,2,2,0,2,2,0,0,0,
Y4,1,-2,2,2,-2,2,2,2,2,0,0,2,0,0,2,2,1,2,
Y5,1,0,2,2,0,0,2,2,0,-2,2,2,0,0,1,0,0,2,
Y6,2,0,0,2,2,0,2,2,2,2,0,0,1,0,0,0,0,2,
Y7,2,2,1,0,0,2,2,2,2,0,0,3,2,0,2,0,2,2,
Y8,2,2,0,0,2,0,2,0,4,0,2,2,0,0,1,0,2,2,
Y9,0,2,0,0,2,2,0,-2,2,0,2,0,0,0,0,2,2,2,
Y10,2,2,0,0,1,2,-2,0,2,0,2,0,0,2,-4,2,0,2,
Y11,2,2,0,-2,0,0,1,2,4,2,2,0,1,1,0,-2,2,2,
Y12,3,0,2,2,0,0,-2,-1,0,2,2,2,0,0,-2,2,2,2,
Y13,2,2,-2,2,-2,2,0,2,0,0,2,2,1,0,2,2,2,2,
Y14,2,1,2,2,0,2,2,2,2,4,0,0,0,2,2,4,2,2,
Y15,0,0,0,0,-4,0,0,0,0,3,0,0,0,0,1,0,0,0,
Y16,2,0,2,0,-2,2,0,-2,0,4,0,0,0,0,0,-2,1,2,
Y17,2,0,0,0,0,0,-2,0,0,2,0,0,0,0,2,0,2,2,
Y18,3,2,0,-2,2,0,-2,-2,0,0,0,0,0,0,-2,0,0,3,
Y19,0,2,-2,0,-2,0,-2,-2,0,2,-2,-2,-2,0,0,0,2,0,
Y20,0,0,0,0,0,0,0,2,0,-2,0,0,0,-2,0,0,2,0,
Y21,0,-2,2,-2,-2,0,0,0,-1,0,-1,-2,0,0,-1,0,-2,0,
Y22,2,-2,0,-1,0,2,2,-2,2,0,-1,0,-2,0,-1,-2,-4,0,
Y23,1,-1,-2,-2,0,-1,0,-1,0,-2,0,0,0,-2,0,-2,-2,0,
Y24,0,-2,-2,-2,0,0,0,0,-1,-2,-2,-2,-2,-3,-3,-4,-4,1,
Y25,0,-2,-3,-2,-2,-2,-2,0,2,-3,-3,-2,-2,-2,-3,-4,-3,0,
Y26,0,-2,-2,0,0,-2,-2,-2,-2,-3,-2,-2,-2,-2,-2,-2,0,0,
Y27,1,-2,-2,-2,-2,-2,-2,-2,0,0,-1,2,-2,-2,-2,-2,-3,0,
Y28,2,-1,-3,-2,-3,-2,-2,-2,-2,0,-2,0,-2,-2,-2,-2,-3,0,
Y29,-2,0,0,-2,-2,0,-2,-2,-2,-2,-2,0,-4,-2,0,0,-2,0,
Y30,1,-1,0,-2,-2,0,-2,-2,-2,-2,-2,-2,-3,0,-2,-2,-2,0,
Y31,0,-2,-2,-2,-2,-2,-2,-3,-2,-2,0,0,-2,-4,-3,-2,-2,0,
Y32,1,-2,-2,-4,-4,-3,-2,-2,-2,2,-1,0,-2,-3,0,-2,-2,-2,

,ID1,,ID2,,ID3,,ID4,,ID5,,ID6,,ID7,,ID8,,ID9,,ID10,,
Frame,X,Y,X,Y,X,Y,X,Y,X,Y,X,Y,X,Y,X,Y,X,Y,X,Y,
LINE_22,-,-,-,-,-,-,-,-,-,-,-,-,-,-,-,-,-,-,-,-,Gesture:,
RAWDATA_22,X1,X2,X3,X4,X5,X6,X7,X8,X9,X10,X11,X12,X13,X14,X15,X16,X17,X18,
Y1,,-4,0,0,-1,-2,2,0,,,2,-2,-2,-2,0,-2,-2,,
Y2,0,0,0,0,2,2,0,4,0,2,2,0,-2,2,1,0,2,1,
Y3,1,0,0,2,-2,1,2,2,2,2,0,0,-2,0,0,0,0,0,
Y4,2,-2,0,0,-2,0,2,4,3,0,0,0,0,0,2,2,2,2,
Y5,2,0,0,0,-2,0,2,2,2,-2,2,0,-4,0,1,2,0,2,
Y6,2,0,0,2,2,0,2,2,2,2,0,2,0,0,0,-2,0,2,
Y7,3,2,1,0,-2,2,2,2,2,0,0,1,2,0,2,1,2,2,
Y8,0,0,-2,-2,2,0,2,-2,0,2,0,2,0,0,0,2,2,2,
Y9,0,1,0,0,2,2,0,-2,2,0,0,0,0,0,0,2,2,2,
Y10,2,2,0,0,2,3,-2,0,2,0,1,0,-2,2,-2,2,0,0,
Y11,2,0,-4,0,2,0,2,2,2,2,2,0,2,0,-2,0,2,2,
Y12,3,2,2,0,0,0,-2,-1,0,2,0,0,2,0,-2,2,2,2,
Y13,0,0,-2,2,0,0,2,2,0,0,2,0,1,0,2,2,2,2,
Y14,1,0,0,0,0,0,2,2,3,2,0,-2,0,0,0,4,2,2,
Y15,2,0,0,0,-1,2,0,2,0,3,2,-2,0,0,1,-2,0,0,
Y16,3,0,0,2,-4,2,2,-2,2,4,0,0,0,-2,0,0,0,2,
Y17,2,0,-2,0,0,0,0,0,0,4,0,0,0,0,0,0,0,2,
Y18,1,2,-2,-2,2,0,0,-2,2,0,0,0,0,0,-2,0,2,2,
Y19,-2,0,0,0,-1,0,0,0,2,-2,-3,-2,-4,-2,-2,0,2,0,
Y20,0,0,0,-2,-2,2,2,2,0,-2,-2,-2,-2,-2,0,0,2,0,
Y21,0,-2,2,0,0,-2,0,0,-1,-2,-2,-2,-2,0,-1,0,-2,0,
Y22,0,-4,0,0,-2,2,2,0,2,0,-2,-2,-2,-2,-2,-2,-2,0,
Y23,1,0,-2,0,-2,-1,0,-1,0,0,-2,-2,0,-2,0,-2,-3,0,
Y24,2,-2,-3,-2,-2,-2,0,2,-1,-2,-2,-2,-2,-3,-3,-3,-2,1,
Y25,0,-4,-3,-2,-2,-2,0,0,2,-3,-2,-4,-2,-4,-4,-2,-3,0,
Y26,4,-3,-2,0,-1,-4,-2,-1,-2,-3,0,-2,-4,-4,-3,-2,-2,0,
Y27,0,-2,-2,-2,-2,-3,-2,-2,0,0,-1,0,-3,-1,-2,-3,-2,2,
Y28,2,-3,-4,-2,-3,-2,-2,0,-1,2,-2,-2,-4,0,0,-3,-3,0,
Y29,-2,-2,0,-2,-3,0,0,-3,-2,-1,-1,0,-2,-2,0,-2,-2,0,
Y30,1,-2,-2,-2,-2,-2,-2,-2,0,-1,2,-2,-2,-2,0,-2,-2,0,
Y31,0,-1,0,-2,-2,-2,-2,-2,-1,0,0,-2,0,-2,-3,0,-2,0,
Y32,2,-2,-2,-4,-4,-3,-2,0,-1,0,-1,0,-2,-3,2,-2,-2,-2,

,ID1,,ID2,,ID3,,ID4,,ID5,,ID6,,ID7,,ID8,,ID9,,ID10,,
Frame,X,Y,X,Y,X,Y,X,Y,X,Y,X,Y,X,Y,X,Y,X,Y,X,Y,
LINE_23,-,-,-,-,-,-,-,-,-,-,-,-,-,-,-,-,-,-,-,-,Gesture:,
RAWDATA_23,X1,X2,X3,X4,X5,X6,X7,X8,X9,X10,X11,X12,X13,X14,X15,X16,X17,X18,
Y1,,-2,0,0,-1,-2,0,0,,,2,-2,-2,0,0,0,0,,
Y2,0,2,2,2,3,2,0,3,2,2,2,2,0,2,1,2,0,2,
Y3,3,0,2,2,0,3,2,2,2,0,2,0,0,0,2,0,0,2,
Y4,2,-2,2,2,-2,2,0,2,3,0,0,0,0,0,2,0,1,2,
Y5,2,0,2,2,-2,2,2,2,2,0,0,0,-4,0,1,2,0,2,
Y6,4,0,2,2,0,0,2,0,2,0,0,2,2,0,0,0,0,2,
Y7,2,2,3,0,0,2,2,2,2,0,2,2,2,2,0,1,0,2,
Y8,0,0,2,0,2,2,0,-2,4,0,-2,2,0,0,1,1,2,3,
Y9,2,2,2,2,2,2,2,-2,2,0,0,2,0,0,0,2,0,3,
Y10,2,2,0,0,3,2,0,0,2,0,1,0,0,2,-1,2,0,2,
Y11,0,0,-2,0,4,0,1,0,2,4,2,-2,2,0,0,2,3,2,
Y12,3,2,2,2,2,0,-2,-1,-2,2,0,0,0,0,0,2,2,3,
Y13,2,2,-2,2,0,0,0,0,0,0,0,0,1,0,0,2,2,2,
Y14,2,0,2,2,0,0,0,0,1,2,2,0,0,2,2,3,0,4,
Y15,2,4,2,0,-1,2,0,2,0,2,2,-2,2,0,1,0,0,0,
Y16,3,2,2,2,0,2,2,0,2,2,0,0,2,-2,-2,-2,2,2,
Y17,4,0,0,2,0,0,0,0,0,1,0,0,-2,0,0,0,2,2,
Y18,2,2,-2,0,2,0,-2,0,2,0,0,-2,-2,2,-4,0,0,2,
Y19,0,2,2,0,0,0,2,0,2,0,-1,0,0,-2,-2,0,2,0,
Y20,0,2,0,-2,0,0,0,2,2,-2,0,-4,0,-2,0,2,2,0,
Y21,2,0,2,0,0,0,0,0,0,-2,-2,0,-2,0,-2,0,-2,0,
Y22,4,-2,2,1,0,2,0,0,2,0,-2,-2,0,-2,-3,-2,0,0,
Y23,2,0,-2,0,-2,-1,0,-1,-2,2,-2,-2,-2,-3,0,-2,-3,0,
Y24,2,0,-2,0,-2,-2,4,0,-2,-1,0,-2,-2,-2,-3,-3,-2,1,
Y25,0,-1,-1,-2,0,-2,-1,0,0,-2,-2,-4,-2,-2,-3,-2,-3,0,
Y26,4,-1,0,2,-2,-2,-2,-1,0,-2,-2,-3,-2,-2,-3,-2,0,-2,
Y27,0,0,0,-2,-2,-2,-2,-1,1,0,-2,0,-3,-2,-2,-2,-2,0,
Y28,2,-1,0,-2,-2,-3,-2,0,-1,0,-2,0,-4,-1,-2,-3,-3,0,
Y29,0,-2,0,-2,-3,-2,0,-2,-2,-3,-1,0,-4,-2,-2,-2,-2,2,
Y30,3,0,0,-2,-2,-4,-2,0,-2,-2,2,-2,-2,-2,0,-3,0,0,
Y31,2,-1,1,-2,-2,-2,-2,-2,-1,0,-2,-2,0,0,-2,-2,-2,0,
Y32,2,-2,-1,0,-2,-3,-2,0,-1,2,-1,0,-2,-2,2,-2,-2,-2,

,ID1,,ID2,,ID3,,ID4,,ID5,,ID6,,ID7,,ID8,,ID9,,ID10,,
Frame,X,Y,X,Y,X,Y,X,Y,X,Y,X,Y,X,Y,X,Y,X,Y,X,Y,
LINE_24,-,-,-,-,-,-,-,-,-,-,-,-,-,-,-,-,-,-,-,-,Gesture:,
RAWDATA_24,X1,X2,X3,X4,X5,X6,X7,X8,X9,X10,X11,X12,X13,X14,X15,X16,X17,X18,
Y1,,0,0,-2,-3,-3,0,-2,,,4,-2,0,-2,2,0,0,,
Y2,1,0,2,0,0,0,-2,1,0,2,2,2,0,0,1,2,2,2,
Y3,1,0,1,2,-2,1,0,-2,0,0,0,0,0,0,0,2,2,2,
Y4,0,-2,2,2,-2,0,0,0,1,2,0,0,0,0,2,0,2,2,
Y5,1,0,0,0,-2,-2,2,-2,-2,0,0,0,-2,0,1,-2,0,2,
Y6,2,-2,2,0,-2,0,2,-2,2,0,-2,0,0,0,0,0,0,2,
Y7,1,2,2,0,0,0,0,0,1,0,0,1,2,0,2,1,0,2,
Y8,0,0,2,0,0,0,0,-4,0,0,0,0,-2,0,0,0,2,3,
Y9,0,1,2,0,2,0,0,-2,0,2,2,0,0,0,2,0,2,2,
Y10,0,2,0,0,1,0,-2,-2,0,0,2,-2,0,2,-1,2,0,0,
Y11,0,-2,-2,0,2,-2,1,0,0,1,0,-2,2,1,-4,2,2,2,
Y12,2,0,2,2,0,0,-2,-2,-4,0,0,0,0,0,-2,2,2,3,
Y13,0,2,0,0,-2,-2,0,0,-2,0,-2,0,0,-2,0,0,0,2,
Y14,0,0,2,2,0,0,0,-2,1,1,0,-2,0,0,2,2,2,4,
Y15,0,4,2,0,-1,0,-2,0,0,2,0,-2,0,0,1,0,0,2,
Y16,3,0,2,0,-2,0,0,-2,0,0,-2,0,2,0,0,-2,1,0,
Y17,3,2,0,0,-2,-2,-2,0,-2,1,0,0,-2,0,0,0,2,2,
Y18,0,2,-2,-2,0,-2,-4,-2,0,0,0,0,0,0,-4,0,0,1,
Y19,-2,2,0,0,-2,-2,0,0,-2,0,-2,-2,-2,0,-2,0,2,-2,
Y20,0,2,0,-2,-2,0,-4,0,2,0,-2,-4,-2,-2,-2,2,2,2,
Y21,2,0,2,-2,-2,-2,-2,0,-1,-2,-3,-2,-2,-2,-2,-2,-2,-2,
Y22,2,0,0,0,0,0,-2,-2,-2,0,-2,-2,0,-2,-3,-2,0,-2,
Y23,2,2,0,0,-2,-2,-2,-2,-2,2,0,-2,-2,-3,0,-2,-2,0,
Y24,2,-2,-1,0,-4,-2,0,0,-3,-3,-2,-2,-3,-1,-4,-3,0,-2,
Y25,0,1,0,-2,-2,-3,-2,0,0,-2,-2,-4,-2,-3,-2,0,-3,0,
Y26,2,0,0,0,-2,-2,-2,-3,-2,-2,-3,-3,0,-4,-2,-2,-2,-2,
Y27,0,-2,0,-2,-3,-2,-4,-3,-2,0,-3,0,-3,-3,-2,-2,-2,0,
Y28,2,-1,0,-3,-3,-2,-3,-2,-2,-2,0,0,-2,-2,-2,-2,-3,0,
Y29,0,-2,0,-2,-4,-2,-2,-3,-3,-3,-2,0,-3,-4,-2,-2,-2,0,
Y30,1,0,0,-2,-4,-4,-2,-2,-3,-2,0,-2,-2,-2,0,-3,-2,0,
Y31,0,-1,0,-2,-4,-4,-4,-3,-2,0,-2,0,-2,0,-2,-3,0,0,
Y32,2,-2,-2,-2,-4,-4,-2,-2,-2,0,-1,0,-3,-3,2,0,-3,-2,

,ID1,,ID2,,ID3,,ID4,,ID5,,ID6,,ID7,,ID8,,ID9,,ID10,,
Frame,X,Y,X,Y,X,Y,X,Y,X,Y,X,Y,X,Y,X,Y,X,Y,X,Y,
LINE_25,-,-,-,-,-,-,-,-,-,-,-,-,-,-,-,-,-,-,-,-,Gesture:,
RAWDATA_25,X1,X2,X3,X4,X5,X6,X7,X8,X9,X10,X11,X12,X13,X14,X15,X16,X17,X18,
Y1,,-2,0,-2,-3,-3,0,-2,,,2,0,0,0,2,-2,0,,
Y2,0,0,2,0,0,0,-2,1,0,2,3,0,2,0,1,0,2,2,
Y3,0,0,1,2,0,1,-2,-2,0,2,2,2,0,0,0,2,2,2,
Y4,0,-2,2,2,-2,2,0,0,1,2,0,0,0,0,2,0,2,2,
Y5,1,0,2,0,-2,-2,0,0,-2,0,2,0,-1,0,1,0,0,1,
Y6,2,-2,2,0,-2,-2,0,-2,0,2,0,0,2,0,2,0,0,0,
Y7,1,2,2,0,0,2,0,0,1,0,2,2,2,0,0,2,2,0,
Y8,0,0,0,0,0,0,0,-4,0,0,0,2,0,0,0,2,2,2,
Y9,0,1,0,0,0,0,0,-2,0,2,0,0,2,0,2,2,2,2,
Y10,0,2,0,0,1,1,-2,-2,0,0,2,-2,0,2,-1,2,0,0,
Y11,0,0,-2,0,2,-2,1,-2,2,2,2,-2,4,0,-4,0,1,0,
Y12,1,2,0,0,2,0,-2,-2,-2,2,2,0,0,0,-2,2,0,1,
Y13,0,2,-2,0,0,-2,0,0,-4,0,0,0,0,-2,0,0,0,2,
Y14,0,0,2,4,0,0,0,-2,1,1,-2,-2,0,-2,0,1,2,3,
Y15,0,4,0,0,0,0,0,0,-2,2,0,-2,2,0,1,-2,0,2,
Y16,3,0,0,0,0,0,0,-4,-2,0,-4,-2,2,0,0,-2,1,2,
Y17,2,2,0,0,0,-2,-4,0,-2,2,0,0,0,0,0,0,0,2,
Y18,2,2,-2,-2,0,-2,-4,0,0,-2,0,0,0,0,-2,0,0,1,
Y19,0,4,0,0,-1,0,0,-2,-2,2,0,-2,-2,0,0,-2,2,0,
Y20,-2,2,-2,0,0,-2,-2,0,0,0,-2,-4,-2,-2,-2,2,2,0,
Y21,2,0,0,-2,-2,-2,0,0,-3,0,-2,-2,-2,-2,-2,-2,-4,0,
Y22,0,-2,0,-2,-2,-2,-2,-4,-2,-4,-2,-3,-2,-2,-3,-2,0,0,
Y23,1,0,-2,0,-2,-3,-2,-2,0,0,-2,-2,-2,-2,0,-2,-2,0,
Y24,2,-2,-3,0,-3,-2,-2,-2,-3,-2,-2,-2,-3,-2,-2,-3,-2,0,
Y25,2,0,-2,-2,-2,-3,-3,0,-2,-1,-3,-2,-2,-3,-2,0,-3,0,
Y26,2,0,0,0,-2,-2,-2,-2,-2,-2,-2,-2,0,-2,-2,-2,0,-2,
Y27,2,-2,0,-2,-3,-1,-3,-3,-1,-2,-2,0,-3,-2,-2,-2,-2,0,
Y28,0,-1,0,-3,-3,-2,-3,-2,-2,-2,0,0,-2,-3,-2,-2,-2,0,
Y29,0,-4,-2,-2,-2,-2,-4,-3,-2,-2,-2,0,-2,-4,-2,-4,0,0,
Y30,1,-2,-2,-2,-3,-2,-4,-2,-2,-3,0,-2,-2,-2,0,-3,-2,-2,
Y31,0,-1,0,-2,-4,-4,-4,-3,-2,0,-4,-2,-2,0,-3,-3,0,0,
Y32,1,-2,-2,-2,-4,-4,-2,-2,-3,0,-2,0,-2,-3,2,-2,-2,-2,

,ID1,,ID2,,ID3,,ID4,,ID5,,ID6,,ID7,,ID8,,ID9,,ID10,,
Frame,X,Y,X,Y,X,Y,X,Y,X,Y,X,Y,X,Y,X,Y,X,Y,X,Y,
LINE_26,-,-,-,-,-,-,-,-,-,-,-,-,-,-,-,-,-,-,-,-,Gesture:,
RAWDATA_26,X1,X2,X3,X4,X5,X6,X7,X8,X9,X10,X11,X12,X13,X14,X15,X16,X17,X18,
Y1,,-2,0,-2,-3,-3,0,-2,,,0,-2,0,-2,0,-2,-2,,
Y2,-2,0,2,2,-1,0,0,0,0,1,2,2,0,0,0,2,2,2,
Y3,0,0,0,0,2,0,0,0,0,0,2,2,0,0,0,4,2,0,
Y4,1,-2,0,0,0,0,0,0,1,2,0,2,0,0,2,0,0,2,
Y5,1,-2,0,0,-2,-2,-2,0,-4,2,2,0,0,0,1,-2,-2,1,
Y6,0,0,-2,-2,2,-2,0,0,0,0,2,0,0,0,2,0,2,2,
Y7,0,2,1,0,0,0,2,0,1,-2,2,2,1,0,0,2,2,2,
Y8,0,0,-2,0,-2,-2,0,-2,-2,0,0,2,0,0,0,2,2,2,
Y9,0,1,0,0,0,0,0,-2,-2,0,0,0,0,0,0,0,2,2,
Y10,0,0,0,0,1,0,0,0,-2,0,2,0,0,2,-2,2,0,2,
Y11,0,0,-2,0,4,-2,1,-2,0,1,2,-2,1,2,-2,0,2,2,
Y12,1,2,0,0,0,-2,-2,-2,-4,2,2,0,-2,0,-2,2,2,0,
Y13,-2,0,-2,0,0,-2,-2,2,-2,-2,2,0,0,0,-2,0,2,2,
Y14,0,0,0,0,0,0,0,0,1,1,0,0,0,0,0,1,4,2,
Y15,0,2,2,0,-2,0,0,2,-2,2,0,-2,2,0,0,-2,2,2,
Y16,1,-2,0,-2,-2,0,0,-2,-2,0,-2,-2,2,-2,0,-2,3,2,
Y17,1,0,-2,-2,0,-2,-2,0,-2,1,0,0,0,0,0,2,2,2,
Y18,0,2,-2,-2,0,-2,-3,-2,-2,-2,2,0,-2,0,-2,0,2,2,
Y19,0,0,0,-2,-2,-2,0,-2,-2,0,0,0,-2,0,0,-2,2,-2,
Y20,0,0,-2,-2,-2,-2,-2,0,-2,-2,-2,-2,-2,-2,0,2,4,0,
Y21,0,-2,2,-2,-4,-2,0,-2,-3,0,-3,-2,-2,-2,-3,-2,-1,0,
Y22,0,-2,0,-2,-2,-2,-2,-2,-4,-4,-2,-2,-4,-4,-3,-4,2,0,
Y23,1,-4,-2,-2,-2,-3,-2,-3,-2,0,-2,-2,-2,-2,0,-2,-1,0,
Y24,2,-2,-3,-2,-3,-4,-2,0,-3,-2,-2,0,-3,-2,-2,-3,-2,1,
Y25,0,-2,-3,-2,-3,-2,-2,-2,-2,-2,-2,-2,-2,-3,-2,0,-2,0,
Y26,0,-2,0,0,-2,-2,-3,-3,-2,-3,-2,-2,-2,-3,-3,-2,0,0,
Y27,0,-2,-2,-2,-3,-2,-2,-3,0,-2,-2,-2,-3,-2,-4,-2,-2,2,
Y28,0,-3,-2,-3,-3,-2,-2,-4,-2,-2,0,0,-1,-4,-4,-2,-1,2,
Y29,0,-4,-2,-2,-3,0,0,-2,-2,-2,-1,0,-3,-4,-4,-2,-2,0,
Y30,0,-2,0,-2,-3,-3,-2,-3,-2,-3,0,0,-2,-2,0,-2,-2,0,
Y31,0,-2,0,0,-3,-2,-2,-3,-2,0,-2,0,-3,-1,-3,-3,-2,0,
Y32,1,-2,-1,0,-3,-3,-2,-3,-2,0,-1,0,-2,-3,0,-2,-2,-2,

,ID1,,ID2,,ID3,,ID4,,ID5,,ID6,,ID7,,ID8,,ID9,,ID10,,
Frame,X,Y,X,Y,X,Y,X,Y,X,Y,X,Y,X,Y,X,Y,X,Y,X,Y,
LINE_27,-,-,-,-,-,-,-,-,-,-,-,-,-,-,-,-,-,-,-,-,Gesture:,
RAWDATA_27,X1,X2,X3,X4,X5,X6,X7,X8,X9,X10,X11,X12,X13,X14,X15,X16,X17,X18,
Y1,,-2,0,-2,-2,-2,-2,-2,,,0,0,2,0,2,2,0,,
Y2,-4,0,0,0,-1,0,0,0,0,1,1,0,0,0,2,2,0,0,
Y3,-2,0,1,-2,0,0,0,-2,0,0,2,2,0,0,0,2,2,-2,
Y4,-2,-4,0,-2,0,0,-2,0,0,0,0,0,0,0,2,0,0,0,
Y5,-2,-2,0,0,-2,-2,-2,-2,-4,0,0,0,-2,0,1,-2,0,0,
Y6,-4,0,-2,-2,2,-2,-2,-2,-2,0,2,0,0,0,0,2,2,0,
Y7,-3,-2,1,-2,0,0,2,0,0,-4,0,2,1,0,0,2,0,0,
Y8,-2,-4,-2,0,-2,-2,0,-4,-2,0,2,2,0,0,1,2,2,0,
Y9,-2,-2,0,0,2,0,-2,-2,-2,0,2,-2,2,0,0,2,2,0,
Y10,-2,-2,0,0,0,0,0,0,-2,-2,2,-2,0,2,-1,4,0,1,
Y11,-2,-2,-2,-2,0,-4,1,0,0,1,0,-2,1,0,-2,0,1,0,
Y12,0,-2,2,2,0,-2,-2,-1,-2,2,2,0,-2,-2,-2,2,0,1,
Y13,0,-2,-2,0,-2,0,0,2,-2,-2,2,0,0,2,0,2,0,0,
Y14,-1,0,2,0,0,0,2,0,0,1,0,0,0,0,2,2,2,1,
Y15,-2,1,0,0,-2,0,0,2,-2,2,0,-2,2,0,1,0,2,0,
Y16,0,-2,0,-2,-2,4,0,-2,-2,0,-2,0,2,-2,0,0,2,2,
Y17,0,0,-2,-2,0,-2,-2,2,-4,2,2,0,2,2,2,2,2,0,
Y18,0,2,-2,0,-2,-2,-1,0,-2,-2,2,0,0,2,0,2,2,3,
Y19,0,0,0,-2,-1,0,0,-2,-2,2,1,2,0,0,2,0,2,2,
Y20,0,0,-2,0,0,0,0,0,-2,0,0,0,0,-2,0,4,4,0,
Y21,0,0,2,-2,-2,-2,0,-2,-2,0,-1,-2,-2,0,-1,0,-2,0,
Y22,0,-2,2,0,-2,-2,-2,-2,-2,0,0,0,-2,0,-1,-2,2,2,
Y23,0,-2,0,0,0,-1,0,-1,-2,2,0,0,-2,0,2,0,1,2,
Y24,2,0,-1,-2,-1,0,0,2,-1,0,0,2,0,0,1,0,0,1,
Y25,-2,0,-1,0,0,0,0,0,0,0,0,1,0,-1,0,2,-1,2,
Y26,0,0,0,0,0,1,-1,-1,0,0,0,-1,0,0,0,0,0,0,
Y27,0,0,0,0,-1,-1,-2,-1,2,0,0,2,-1,0,0,0,-1,2,
Y28,-2,-1,0,-1,-1,-1,0,-2,0,0,4,2,2,-1,0,1,0,2,
Y29,0,0,0,0,0,0,2,1,0,0,0,2,0,0,-2,2,0,0,
Y30,-1,0,0,-2,-1,-1,0,0,0,0,2,2,0,0,0,1,0,2,
Y31,-2,-1,0,0,0,0,0,-1,-1,0,0,2,-1,2,0,-1,2,2,
Y32,0,-2,-1,2,-1,-1,0,-1,0,2,-1,2,0,-1,2,0,0,0,

,ID1,,ID2,,ID3,,ID4,,ID5,,ID6,,ID7,,ID8,,ID9,,ID10,,
Frame,X,Y,X,Y,X,Y,X,Y,X,Y,X,Y,X,Y,X,Y,X,Y,X,Y,
LINE_28,-,-,-,-,-,-,-,-,-,-,-,-,-,-,-,-,-,-,-,-,Gesture:,
RAWDATA_28,X1,X2,X3,X4,X5,X6,X7,X8,X9,X10,X11,X12,X13,X14,X15,X16,X17,X18,
Y1,,0,0,-2,-2,0,-2,-2,,,2,0,2,0,2,2,2,,
Y2,-3,0,0,-4,-1,0,-2,0,-2,0,1,0,0,-2,1,2,0,-1,
Y3,-4,0,1,-2,2,2,0,-4,-2,0,0,0,-2,0,0,4,2,-4,
Y4,-3,-4,-2,-2,-2,-2,-2,0,0,-2,-2,0,-2,0,2,0,1,0,
Y5,-3,0,0,0,-2,-2,0,0,-4,0,-2,0,-2,0,0,0,0,-1,
Y6,-6,0,0,-4,2,0,-2,-2,-2,2,0,-2,0,0,-2,0,0,-2,
Y7,-4,-4,0,-4,-2,0,0,0,-2,-2,-2,0,1,0,0,1,-2,-2,
Y8,-4,-4,-2,0,-2,-2,0,-1,-2,-2,0,0,0,-2,0,1,0,0,
Y9,-4,-3,0,0,0,2,0,-2,0,-2,0,-2,0,2,2,2,0,1,
Y10,-4,-2,0,0,0,1,0,-2,0,-2,1,-2,0,4,-1,2,0,0,
Y11,-2,-4,-4,-2,-2,-2,0,-2,0,0,0,-2,1,2,0,-2,1,0,
Y12,-2,-2,2,2,2,0,-2,-2,-1,0,2,0,-2,-2,-2,2,0,1,
Y13,-2,-4,-2,-2,-2,0,-2,0,0,-2,2,0,0,2,0,2,0,0,
Y14,-2,0,0,0,-2,2,2,-2,1,1,0,-2,-2,2,2,2,0,1,
Y15,-2,-1,-2,2,-2,-2,0,2,0,2,0,0,0,0,2,0,0,2,
Y16,0,0,0,0,-2,2,0,0,-2,0,-2,0,2,0,0,0,0,0,
Y17,-1,-2,0,0,2,0,-2,2,-2,1,2,0,0,2,2,2,2,0,
Y18,-2,2,-2,0,0,-2,-1,0,0,0,2,0,0,2,2,2,2,2,
Y19,-2,2,0,0,0,2,0,-2,0,2,1,2,2,2,2,0,2,2,
Y20,-4,0,0,0,0,0,2,0,0,0,0,-1,2,-2,2,4,2,0,
Y21,-2,0,2,0,0,0,0,0,-1,0,-1,-2,-2,4,0,0,-2,0,
Y22,0,0,2,0,0,0,2,-2,0,-2,2,1,-2,0,-1,0,2,2,
Y23,0,0,0,2,0,0,2,-1,0,2,0,0,2,0,4,0,2,4,
Y24,0,2,0,0,0,2,0,2,-1,0,0,0,0,2,3,2,2,3,
Y25,0,1,0,2,0,0,1,0,2,1,1,2,2,0,0,2,0,0,
Y26,0,2,0,0,0,1,0,0,0,1,0,-1,4,2,0,2,2,0,
Y27,0,2,2,2,0,0,0,0,2,0,0,2,0,1,0,2,0,2,
Y28,0,0,1,0,0,-1,0,0,2,2,4,2,2,0,0,3,0,0,
Y29,0,0,0,2,1,0,4,2,2,2,2,4,2,2,0,4,2,0,
Y30,-1,0,2,-1,0,0,0,0,1,0,2,0,0,2,2,2,2,2,
Y31,0,0,2,0,1,2,1,-1,0,0,0,2,0,2,0,0,2,2,
Y32,1,0,-1,2,0,0,0,0,1,2,0,2,0,0,2,2,0,0,

,ID1,,ID2,,ID3,,ID4,,ID5,,ID6,,ID7,,ID8,,ID9,,ID10,,
Frame,X,Y,X,Y,X,Y,X,Y,X,Y,X,Y,X,Y,X,Y,X,Y,X,Y,
LINE_29,-,-,-,-,-,-,-,-,-,-,-,-,-,-,-,-,-,-,-,-,Gesture:,
RAWDATA_29,X1,X2,X3,X4,X5,X6,X7,X8,X9,X10,X11,X12,X13,X14,X15,X16,X17,X18,
Y1,,0,0,-2,0,0,0,-2,,,2,0,2,2,2,0,2,,
Y2,-4,0,0,-4,0,0,-2,2,-4,1,1,0,2,-2,1,0,-2,-2,
Y3,-4,-2,-1,-2,4,2,0,0,0,0,0,0,-2,-2,0,2,0,-4,
Y4,-4,-4,-4,-2,-2,-2,0,0,0,0,-2,0,-2,0,4,0,0,-2,
Y5,-4,0,-2,0,-4,-2,0,-2,-1,0,-2,-2,-1,0,1,0,-2,-2,
Y6,-4,0,-2,-4,0,0,-2,-4,0,2,0,-4,2,0,-2,-2,0,-4,
Y7,-4,-4,-1,-2,-2,0,0,0,0,-2,-2,0,1,2,0,1,-2,-4,
Y8,-4,-6,-2,2,-2,-2,-2,-1,0,0,0,0,2,0,2,1,-2,0,
Y9,-4,-4,-2,0,0,2,-2,-2,0,-2,0,0,0,0,2,2,0,1,
Y10,-4,-2,0,0,0,1,-2,-2,0,-2,1,0,0,1,0,2,0,0,
Y11,-4,-4,-4,0,0,0,1,0,0,2,0,0,1,4,-2,0,0,0,
Y12,-2,-2,0,2,0,-2,-2,-1,-1,2,4,-2,-2,0,-2,2,0,0,
Y13,-4,-4,-2,0,-2,0,-2,0,0,-2,0,0,4,0,0,0,0,0,
Y14,-3,0,0,0,0,0,2,0,1,1,0,-2,0,0,2,0,0,1,
Y15,-4,0,-2,0,-2,0,2,0,0,2,0,0,2,0,2,0,0,2,
Y16,-2,-2,-2,0,-2,2,0,0,-2,2,2,0,2,0,0,0,1,0,
Y17,-2,-2,-2,0,0,0,0,2,-2,2,0,0,0,2,4,2,2,0,
Y18,-2,2,-4,0,0,0,-1,0,0,0,2,0,0,2,0,2,2,2,
Y19,-4,2,0,0,-1,2,0,0,2,4,2,2,2,2,2,0,2,0,
Y20,-4,0,0,0,0,0,2,2,0,2,0,-1,4,0,0,4,2,-2,
Y21,-4,0,0,0,0,0,0,0,0,2,0,0,-2,4,-1,0,-2,0,
Y22,0,0,0,0,0,0,2,0,0,0,2,1,0,0,-1,0,2,0,
Y23,0,2,0,0,2,0,0,0,2,2,0,0,2,2,4,0,2,2,
Y24,0,2,0,2,0,4,2,4,1,2,2,2,0,2,3,2,2,2,
Y25,-2,1,0,2,2,0,0,2,2,2,3,2,2,2,2,2,2,2,
Y26,-2,2,0,2,2,2,0,2,2,2,0,0,2,2,2,2,2,0,
Y27,0,2,2,2,0,2,2,0,2,2,1,4,0,2,2,2,0,2,
Y28,-2,0,2,2,1,2,0,2,2,2,4,2,2,0,0,2,0,0,
Y29,0,2,2,4,3,4,3,2,2,3,2,4,2,2,0,3,2,0,
Y30,-1,2,4,1,2,2,2,0,3,2,4,2,2,4,4,2,2,2,
Y31,0,0,2,2,3,2,2,0,0,2,2,4,3,2,0,0,2,2,
Y32,0,-2,-1,2,1,2,2,0,0,2,0,0,2,0,2,2,2,0,

,ID1,,ID2,,ID3,,ID4,,ID5,,ID6,,ID7,,ID8,,ID9,,ID10,,
Frame,X,Y,X,Y,X,Y,X,Y,X,Y,X,Y,X,Y,X,Y,X,Y,X,Y,
LINE_30,-,-,-,-,-,-,-,-,-,-,-,-,-,-,-,-,-,-,-,-,Gesture:,
RAWDATA_30,X1,X2,X3,X4,X5,X6,X7,X8,X9,X10,X11,X12,X13,X14,X15,X16,X17,X18,
Y1,,0,0,2,0,0,2,-2,,,2,0,2,2,4,0,2,,
Y2,-3,0,-2,-2,0,0,-2,2,-2,1,0,0,2,0,1,0,0,0,
Y3,-3,-4,0,-2,2,2,0,-2,0,-2,2,-2,-4,-2,0,2,0,-4,
Y4,-4,-2,-2,0,-2,0,0,0,1,0,0,0,0,0,0,0,1,-2,
Y5,-4,-2,-2,0,-2,-2,2,-2,-1,0,0,-2,-2,-2,0,-2,0,-1,
Y6,-3,-2,0,-2,0,0,-2,-2,0,2,0,0,4,0,-2,0,-2,0,
Y7,-2,-3,0,0,-2,0,0,0,0,-2,0,2,1,0,2,1,0,-2,
Y8,-5,-3,-2,0,-2,-2,-2,-1,0,0,0,2,0,-2,2,0,-2,0,
Y9,-4,-3,-2,0,0,2,0,-2,0,-2,0,0,0,0,2,2,-1,0,
Y10,-4,-2,0,0,2,1,-2,0,-2,-2,1,0,0,1,0,0,-2,0,
Y11,-2,-3,-3,0,0,0,1,2,0,2,0,0,1,4,-2,0,0,0,
Y12,-2,-2,0,0,0,-2,0,-1,-1,2,2,0,-2,0,-2,2,0,0,
Y13,-4,-2,-2,0,0,0,0,2,0,-2,2,2,2,2,0,2,0,0,
Y14,-2,-2,0,0,0,0,2,0,2,2,2,-2,0,0,2,0,-2,1,
Y15,-4,0,0,2,-2,2,0,2,2,3,2,-2,2,0,2,-2,0,2,
Y16,-2,-2,0,2,-2,2,2,-2,0,2,0,0,2,2,-2,0,0,0,
Y17,-2,-2,0,0,2,-2,2,4,-2,2,0,0,2,2,4,2,0,0,
Y18,-2,2,-4,0,2,0,0,0,-2,0,2,0,2,2,0,4,2,0,
Y19,-2,2,0,2,0,2,2,2,2,2,3,2,2,0,2,2,2,-2,
Y20,-4,0,0,2,2,0,2,2,2,2,0,2,4,0,2,3,2,-2,
Y21,-2,2,2,2,0,2,0,0,2,2,0,0,0,2,0,-2,-2,2,
Y22,-2,0,-2,2,0,2,2,2,2,0,0,0,0,2,0,0,2,2,
Y23,0,2,0,0,2,2,2,1,4,4,2,-2,2,2,3,2,2,2,
Y24,0,4,0,2,1,4,2,6,2,2,2,2,0,2,2,1,2,2,
Y25,0,2,2,2,2,2,2,2,2,2,3,2,2,2,2,2,2,2,
Y26,0,2,0,2,2,2,2,1,2,1,2,1,2,2,2,2,4,0,
Y27,0,0,4,2,2,2,2,1,6,2,2,4,1,3,2,2,2,2,
Y28,-2,0,2,1,1,2,2,2,3,4,3,0,4,2,0,2,2,0,
Y29,-2,2,2,2,3,4,3,2,2,2,3,3,2,2,0,3,2,2,
Y30,-2,0,2,1,2,4,4,1,3,2,4,2,2,3,4,2,2,2,
Y31,0,-1,2,2,3,4,2,3,1,4,2,4,3,2,2,2,4,2,
Y32,1,0,-1,2,1,2,4,2,0,4,1,2,2,1,4,2,0,0,

,ID1,,ID2,,ID3,,ID4,,ID5,,ID6,,ID7,,ID8,,ID9,,ID10,,
Frame,X,Y,X,Y,X,Y,X,Y,X,Y,X,Y,X,Y,X,Y,X,Y,X,Y,
LINE_31,-,-,-,-,-,-,-,-,-,-,-,-,-,-,-,-,-,-,-,-,Gesture:,
RAWDATA_31,X1,X2,X3,X4,X5,X6,X7,X8,X9,X10,X11,X12,X13,X14,X15,X16,X17,X18,
Y1,,0,0,0,1,0,4,0,,,2,0,4,2,2,0,0,,
Y2,-3,0,-2,-2,0,0,0,0,-2,1,1,0,0,0,0,-2,0,0,
Y3,-2,-2,0,0,2,2,0,-2,0,0,0,-2,-2,0,-2,2,0,-2,
Y4,-3,-2,-2,0,-2,0,0,0,0,2,0,0,0,0,-2,0,0,-2,
Y5,-3,0,0,0,-2,-2,0,0,-1,2,0,-2,-2,-2,0,-2,-2,-2,
Y6,-2,-2,0,-2,0,0,0,-2,2,2,0,-2,2,0,-2,0,-2,-2,
Y7,-2,-3,-2,0,-2,0,2,0,0,-2,0,2,1,0,2,0,0,-2,
Y8,-2,-2,-4,2,-2,0,0,-1,0,0,0,2,0,0,2,0,-2,0,
Y9,-3,-3,-2,-2,0,2,0,0,-2,0,0,0,0,0,0,0,-1,0,
Y10,-3,0,-2,2,2,1,-2,0,0,0,1,-2,-2,1,-1,0,-2,0,
Y11,-2,-3,-1,0,0,-2,1,-2,0,2,0,-2,1,1,-2,-2,0,0,
Y12,-2,-2,0,0,0,-2,-2,-2,-1,2,2,0,0,0,-2,0,2,0,
Y13,-2,-2,-4,0,0,0,0,2,-2,0,2,0,2,2,0,0,0,0,
Y14,-3,-2,0,2,0,0,0,0,1,2,0,-2,0,0,2,0,0,1,
Y15,-4,0,0,2,0,2,2,2,0,2,2,0,0,0,2,-2,0,2,
Y16,-2,-2,0,0,0,2,0,-2,-2,0,2,0,2,2,-2,0,0,2,
Y17,-2,-2,-2,0,0,-2,2,4,0,1,0,0,2,2,2,2,0,0,
Y18,-4,0,-4,0,2,0,0,0,0,0,2,0,2,2,-2,2,2,1,
Y19,0,4,0,0,0,2,4,2,2,0,2,2,2,0,2,-2,2,-2,
Y20,-2,0,0,2,2,2,2,4,2,0,2,2,2,2,0,1,2,0,
Y21,-2,2,2,2,0,2,0,2,2,2,2,0,0,2,0,-2,-1,0,
Y22,0,0,0,0,0,2,2,2,2,0,2,0,0,2,0,-2,0,2,
Y23,0,2,2,0,2,2,2,1,4,4,4,0,2,2,2,2,1,2,
Y24,0,2,2,2,2,3,2,4,2,2,2,2,2,2,2,0,0,2,
Y25,0,2,1,4,4,2,2,4,4,2,3,2,2,2,0,2,0,2,
Y26,0,2,2,2,2,3,2,2,4,0,2,1,6,2,2,0,4,0,
Y27,2,0,0,2,0,0,2,1,2,2,2,4,2,3,0,0,0,0,
Y28,0,0,1,0,0,2,2,2,2,4,4,2,3,2,2,2,0,0,
Y29,-2,0,0,0,3,4,3,2,2,2,4,4,3,2,2,3,2,2,
Y30,-1,2,2,0,2,4,4,0,2,2,4,2,2,3,2,2,2,2,
Y31,0,0,4,2,3,4,2,2,2,4,4,2,3,4,1,2,2,0,
Y32,1,2,-1,0,0,2,4,2,0,4,1,2,2,1,4,2,0,-2,

,ID1,,ID2,,ID3,,ID4,,ID5,,ID6,,ID7,,ID8,,ID9,,ID10,,
Frame,X,Y,X,Y,X,Y,X,Y,X,Y,X,Y,X,Y,X,Y,X,Y,X,Y,
LINE_32,-,-,-,-,-,-,-,-,-,-,-,-,-,-,-,-,-,-,-,-,Gesture:,
RAWDATA_32,X1,X2,X3,X4,X5,X6,X7,X8,X9,X10,X11,X12,X13,X14,X15,X16,X17,X18,
Y1,,0,-2,0,1,1,2,0,,,2,0,4,2,2,2,2,,
Y2,-3,0,0,-2,0,0,-2,0,0,0,1,0,0,0,0,0,0,0,
Y3,-2,-2,2,-2,0,2,-2,-2,0,0,0,-2,-2,2,0,2,2,-2,
Y4,-3,-2,2,0,0,0,0,2,2,2,0,0,0,0,0,2,0,-2,
Y5,-3,-2,2,-2,-2,0,0,-2,-1,0,0,0,0,0,-1,0,-2,-3,
Y6,-1,-2,2,-1,2,0,0,-2,0,0,0,-2,2,2,-4,0,-2,-2,
Y7,-2,-2,0,0,-2,0,0,-2,-2,-2,0,2,1,0,2,0,0,0,
Y8,0,0,-2,0,0,0,0,-2,0,0,2,2,0,0,2,2,-2,-2,
Y9,-3,-2,0,-2,0,2,0,-2,-2,0,2,2,0,0,2,2,0,1,
Y10,-3,0,-2,0,2,1,-2,0,0,-2,0,0,-2,1,-1,2,0,2,
Y11,-2,-2,-2,0,2,-2,0,-2,-2,0,2,0,1,1,-2,-2,0,2,
Y12,0,-2,0,0,0,-4,-4,-3,-2,2,2,0,0,2,-2,2,2,0,
Y13,0,-2,-2,2,0,-2,0,2,-2,0,4,0,4,2,0,2,0,0,
Y14,-2,0,0,2,2,0,0,0,1,0,0,-2,0,0,0,2,0,1,
Y15,-2,-2,0,4,2,2,2,0,0,1,2,0,2,0,1,-2,-2,2,
Y16,-2,-2,0,2,0,4,2,-4,-2,2,2,0,2,0,0,2,0,2,
Y17,-2,-4,-2,2,0,-2,2,1,-2,1,0,0,2,2,2,2,0,0,
Y18,-1,0,-1,0,2,0,0,0,0,2,2,2,2,2,0,4,2,1,
Y19,0,4,0,0,0,2,2,2,2,0,2,2,2,0,2,0,2,0,
Y20,-2,2,0,2,2,2,2,4,0,0,2,3,2,2,0,2,1,0,
Y21,-2,0,2,2,0,2,0,2,2,2,2,2,2,2,0,0,-1,2,
Y22,0,2,2,2,2,2,2,2,4,0,2,2,2,2,2,0,2,2,
Y23,0,2,2,2,4,2,2,2,2,4,4,0,2,3,3,2,3,4,
Y24,2,4,2,2,0,3,2,3,2,1,2,2,2,2,2,2,2,3,
Y25,0,2,3,4,3,2,1,4,4,0,2,3,2,3,0,2,2,2,
Y26,0,4,2,4,2,3,2,2,2,0,2,2,2,3,2,2,6,2,
Y27,0,2,2,2,2,2,0,0,0,2,4,2,2,3,2,1,2,2,
Y28,-2,0,3,0,0,2,0,2,2,4,3,2,3,2,2,2,2,2,
Y29,0,2,4,0,3,3,2,2,2,2,2,3,3,3,2,2,2,2,
Y30,-1,4,2,1,4,4,2,0,2,2,3,0,3,2,3,2,2,2,
Y31,0,2,4,2,4,3,2,2,2,3,4,2,3,4,0,2,4,2,
Y32,2,4,1,2,0,2,2,2,2,3,2,2,0,0,4,2,2,2,

,ID1,,ID2,,ID3,,ID4,,ID5,,ID6,,ID7,,ID8,,ID9,,ID10,,
Frame,X,Y,X,Y,X,Y,X,Y,X,Y,X,Y,X,Y,X,Y,X,Y,X,Y,
LINE_33,-,-,-,-,-,-,-,-,-,-,-,-,-,-,-,-,-,-,-,-,Gesture:,
RAWDATA_33,X1,X2,X3,X4,X5,X6,X7,X8,X9,X10,X11,X12,X13,X14,X15,X16,X17,X18,
Y1,,0,2,0,2,2,2,0,,,4,0,4,2,2,2,2,,
Y2,-1,2,0,0,0,0,-2,0,0,0,1,0,0,0,0,0,0,-2,
Y3,-1,0,2,-2,0,2,-2,-2,0,0,0,0,-2,2,0,1,0,-2,
Y4,-2,-1,2,0,-2,0,-2,2,2,0,0,0,0,0,0,2,0,-2,
Y5,-3,-2,2,-4,-2,0,0,-2,-1,0,-2,0,-1,0,0,0,0,-3,
Y6,-2,-2,2,-1,2,0,0,-2,0,-2,0,-2,2,2,-2,-2,-2,-2,
Y7,-2,-2,0,0,-2,0,0,-2,0,-2,2,2,1,0,2,2,0,-2,
Y8,-2,1,-2,-2,0,-2,0,-2,0,-2,2,2,0,0,2,2,-2,-4,
Y9,-3,-3,2,-2,0,2,0,-2,0,0,2,0,0,0,2,0,-2,0,
Y10,-3,-2,0,0,2,1,0,0,2,0,0,0,-2,1,-1,0,-2,0,
Y11,-4,-2,-1,0,2,-2,0,-2,0,0,2,0,1,1,-2,0,0,2,
Y12,-2,0,2,2,2,-4,-4,-3,-2,0,2,0,0,2,-2,2,2,2,
Y13,0,-2,-2,2,0,-2,0,2,-2,-2,4,0,3,4,2,2,0,0,
Y14,-2,0,0,2,0,0,2,0,1,0,0,0,2,0,4,2,0,1,
Y15,-3,-2,2,4,0,2,0,0,2,2,0,0,2,0,2,-2,0,0,
Y16,-1,-2,0,2,0,2,0,-4,-2,2,0,2,2,0,0,0,0,0,
Y17,-2,-2,0,0,0,0,2,1,0,1,-2,2,4,2,4,2,0,2,
Y18,-1,0,0,0,4,0,-2,2,2,2,2,2,4,2,2,4,0,2,
Y19,0,2,2,2,2,2,2,2,2,0,2,4,2,2,2,2,2,2,
Y20,-1,2,2,0,2,2,4,2,2,0,2,2,2,2,2,3,2,-2,
Y21,-2,2,2,2,0,2,0,2,2,0,0,2,2,2,0,0,1,0,
Y22,0,2,4,2,2,4,2,0,2,0,4,2,2,2,2,0,0,0,
Y23,2,4,2,2,2,2,2,2,4,5,4,2,4,3,3,2,2,3,
Y24,0,2,2,2,0,2,2,4,4,4,4,2,3,2,2,2,2,3,
Y25,0,1,3,4,3,2,2,4,4,2,2,2,2,3,2,4,2,2,
Y26,0,4,4,2,3,3,2,1,4,2,3,1,2,3,2,4,3,0,
Y27,0,2,4,2,2,2,-2,0,2,4,3,2,3,3,2,2,2,2,
Y28,-2,0,4,0,0,2,0,2,2,3,3,2,3,2,2,2,2,2,
Y29,0,4,4,2,3,3,1,3,2,2,3,2,2,3,2,2,3,2,
Y30,1,3,2,2,3,2,2,2,3,2,2,2,3,2,3,2,2,0,
Y31,0,3,3,2,2,2,2,2,2,3,2,2,3,3,0,2,2,2,
Y32,1,4,2,2,0,2,0,2,2,3,1,2,2,2,2,4,2,0,

,ID1,,ID2,,ID3,,ID4,,ID5,,ID6,,ID7,,ID8,,ID9,,ID10,,
Frame,X,Y,X,Y,X,Y,X,Y,X,Y,X,Y,X,Y,X,Y,X,Y,X,Y,
LINE_34,-,-,-,-,-,-,-,-,-,-,-,-,-,-,-,-,-,-,-,-,Gesture:,
RAWDATA_34,X1,X2,X3,X4,X5,X6,X7,X8,X9,X10,X11,X12,X13,X14,X15,X16,X17,X18,
Y1,,0,2,0,0,1,0,0,,,4,0,1,2,2,2,0,,
Y2,-2,2,0,-2,0,0,-2,2,-2,0,1,-2,0,0,0,0,-2,-2,
Y3,-3,-2,4,-2,-2,-2,-2,-2,0,0,0,-2,-2,-2,0,1,2,-1,
Y4,-3,-1,2,2,-2,-2,-2,0,0,-2,0,-2,-2,2,0,0,0,-2,
Y5,-3,-2,2,0,-2,-2,0,0,0,-4,0,-2,-2,0,0,-2,0,-1,
Y6,-2,-2,0,0,0,0,0,0,0,-2,0,-4,0,0,-2,-2,0,0,
Y7,-2,-2,0,0,0,0,0,0,0,-4,2,0,0,2,2,2,0,-2,
Y8,-2,0,0,0,0,-2,0,-1,0,-2,0,0,-2,0,2,0,-2,-2,
Y9,-3,-2,2,0,0,0,0,-2,-2,0,2,0,2,2,2,0,-2,0,
Y10,-2,-2,-2,0,2,0,-2,0,0,0,0,-2,0,1,0,0,-2,0,
Y11,-4,0,0,0,2,-2,0,0,0,0,2,-2,1,0,0,0,0,2,
Y12,-2,0,4,2,2,-2,-3,-3,-1,0,2,0,0,2,0,2,2,2,
Y13,0,-2,-2,2,0,-2,-2,2,-2,-2,4,0,3,4,0,2,0,0,
Y14,-1,0,2,4,0,0,2,0,2,0,0,0,2,0,2,2,0,0,
Y15,-1,0,2,4,2,2,2,2,0,2,0,0,2,0,2,0,0,2,
Y16,0,0,0,2,2,2,2,-2,0,0,0,2,2,0,2,0,0,2,
Y17,0,-2,2,0,0,0,0,1,0,1,0,2,4,2,3,2,2,2,
Y18,0,2,0,2,4,2,-2,2,0,0,2,2,2,2,2,2,2,2,
Y19,2,2,2,2,2,0,2,2,2,0,2,2,2,2,2,0,2,4,
Y20,-2,2,0,2,0,2,4,2,2,2,2,2,2,4,2,2,3,0,
Y21,-2,2,2,2,2,2,2,4,2,2,2,2,2,4,0,2,2,2,
Y22,0,2,4,2,2,4,4,0,4,0,4,2,2,4,2,-2,2,2,
Y23,2,2,4,2,2,3,4,4,3,4,3,2,2,4,3,2,2,3,
Y24,0,2,3,2,0,2,4,4,2,4,4,2,2,4,4,2,2,2,
Y25,2,2,4,4,4,3,0,3,3,2,2,1,3,4,2,4,1,0,
Y26,2,3,4,4,3,3,2,2,3,2,3,0,3,2,4,4,2,2,
Y27,0,4,4,2,0,0,0,2,2,4,2,2,3,3,4,2,3,4,
Y28,0,0,3,0,0,2,0,4,2,3,4,4,3,1,4,3,2,4,
Y29,0,4,4,2,2,3,2,3,2,2,3,2,2,3,2,2,2,4,
Y30,0,2,2,2,3,2,2,4,3,2,2,2,2,2,3,2,2,0,
Y31,0,2,3,2,2,2,1,2,2,3,2,2,3,3,0,1,4,2,
Y32,2,4,3,2,0,2,2,2,2,3,0,0,0,2,3,4,2,2,

,ID1,,ID2,,ID3,,ID4,,ID5,,ID6,,ID7,,ID8,,ID9,,ID10,,
Frame,X,Y,X,Y,X,Y,X,Y,X,Y,X,Y,X,Y,X,Y,X,Y,X,Y,
LINE_35,-,-,-,-,-,-,-,-,-,-,-,-,-,-,-,-,-,-,-,-,Gesture:,
RAWDATA_35,X1,X2,X3,X4,X5,X6,X7,X8,X9,X10,X11,X12,X13,X14,X15,X16,X17,X18,
Y1,,2,2,2,2,0,2,0,,,2,2,3,2,2,2,2,,
Y2,-1,0,0,-2,0,0,0,2,-2,2,2,0,2,0,0,0,0,0,
Y3,-2,0,2,0,0,-2,-2,-2,0,0,2,-2,0,0,-2,1,2,0,
Y4,-3,-2,0,-2,-2,0,-2,2,0,0,0,0,-2,2,-2,0,0,-2,
Y5,-3,-2,2,0,-2,-2,0,2,0,-2,0,0,-1,0,0,-2,0,-1,
Y6,0,0,0,-1,0,0,0,0,0,0,2,-4,0,0,-2,0,2,-1,
Y7,0,-1,0,0,-2,0,0,2,0,-2,0,2,-2,0,2,2,0,0,
Y8,0,0,2,0,2,2,0,-1,0,0,2,2,-2,0,2,0,0,0,
Y9,-2,-2,0,0,2,0,0,0,0,0,2,0,2,2,2,2,0,0,
Y10,-2,-2,-2,0,4,2,0,2,2,0,1,0,0,1,-2,0,-2,0,
Y11,-2,0,0,0,0,-2,1,0,2,2,2,0,3,2,-2,0,2,2,
Y12,-2,0,2,2,2,0,-1,0,1,0,4,0,2,2,0,2,2,2,
Y13,0,0,0,2,2,0,0,4,-2,0,3,2,4,2,0,2,2,0,
Y14,-1,2,2,4,0,0,4,2,2,2,2,2,2,2,4,2,2,3,
Y15,0,2,2,2,0,2,4,0,2,4,0,0,4,0,3,0,0,2,
Y16,0,0,0,2,2,4,4,0,2,2,2,2,4,2,2,0,2,2,
Y17,2,0,2,2,0,0,2,3,0,3,2,4,4,4,3,4,2,2,
Y18,0,2,-2,4,2,2,0,2,4,2,4,4,4,4,2,2,2,4,
Y19,0,2,2,2,0,2,4,4,4,4,4,4,4,4,4,2,4,6,
Y20,-1,2,0,4,2,4,4,6,4,4,4,4,4,4,4,2,3,2,
Y21,0,4,6,2,4,2,6,4,5,4,4,4,4,4,2,2,2,2,
Y22,2,2,4,4,4,4,6,4,5,4,4,6,2,2,3,-2,4,4,
Y23,2,2,4,4,4,4,6,6,6,5,5,4,4,5,3,2,3,4,
Y24,2,2,4,6,0,4,6,6,4,4,4,4,4,5,4,2,2,3,
Y25,2,4,2,2,4,4,2,5,5,2,5,2,4,4,2,3,0,2,
Y26,2,3,4,4,2,3,2,4,4,2,4,2,2,2,4,3,2,2,
Y27,0,4,4,4,2,2,0,4,4,4,4,4,4,5,2,2,4,4,
Y28,2,2,2,2,2,3,2,6,4,4,4,4,5,3,4,4,2,4,
Y29,0,3,4,4,2,3,4,5,2,2,5,4,4,4,4,2,2,4,
Y30,0,3,4,2,3,2,2,4,2,5,2,2,4,2,3,3,3,0,
Y31,2,2,4,2,1,3,2,2,2,5,4,4,2,3,0,2,4,4,
Y32,2,3,4,4,2,2,4,2,4,4,2,4,2,2,3,2,2,2,

,ID1,,ID2,,ID3,,ID4,,ID5,,ID6,,ID7,,ID8,,ID9,,ID10,,
Frame,X,Y,X,Y,X,Y,X,Y,X,Y,X,Y,X,Y,X,Y,X,Y,X,Y,
LINE_36,381,1081,,,,,,,,,,,,,,,,,,,
RAWDATA_36,X1,X2,X3,X4,X5,X6,X7,X8,X9,X10,X11,X12,X13,X14,X15,X16,X17,X18,
Y1,,0,0,0,0,2,2,0,,,2,2,3,4,0,2,2,,
Y2,-2,0,-2,-4,0,0,-2,0,-2,2,1,0,0,0,0,2,0,0,
Y3,-3,0,2,-2,0,0,-2,-4,-2,0,0,-2,-2,0,-2,1,0,-1,
Y4,-3,-3,-2,-2,-4,0,-4,2,-2,0,0,-2,-2,2,0,0,2,0,
Y5,-2,0,2,-2,0,0,0,0,0,-2,0,-2,-1,0,0,-2,0,-1,
Y6,-2,0,0,-1,2,2,-2,0,2,0,0,-1,0,0,-2,0,0,-1,
Y7,-2,-2,2,-2,-2,0,2,0,0,-1,-2,2,0,0,2,2,0,-2,
Y8,-2,-2,0,-2,0,2,0,-1,0,-2,0,2,-2,0,4,2,0,0,
Y9,-3,-3,0,-2,2,0,0,0,0,0,2,0,2,2,2,2,0,0,
Y10,-2,-2,-2,0,1,2,0,0,0,0,0,0,0,1,-2,2,-4,0,
Y11,-3,-3,-1,0,0,-2,1,-2,2,0,4,0,0,2,-2,0,2,2,
Y12,-2,-2,2,0,2,-2,1,0,0,0,3,2,2,2,0,2,2,2,
Y13,0,-2,-2,2,0,-2,0,4,-4,0,3,2,2,2,0,2,2,2,
Y14,-2,0,2,2,0,0,2,2,1,2,2,2,2,2,2,2,2,3,
Y15,-1,2,2,3,0,2,2,0,2,2,0,2,4,2,3,0,2,2,
Y16,0,0,2,2,0,2,4,0,2,2,2,2,4,4,2,0,2,2,
Y17,0,-2,0,2,0,0,2,4,0,3,4,4,4,4,4,4,0,4,
Y18,0,2,-2,2,2,2,2,4,2,2,4,4,4,4,4,4,4,4,
Y19,2,2,2,2,0,2,4,4,6,4,5,6,6,4,4,4,5,4,
Y20,-1,2,0,2,2,2,4,4,4,6,6,6,6,4,4,4,4,4,
Y21,2,2,2,2,4,4,4,6,8,51,10,8,6,4,4,2,2,4,
Y22,2,2,2,4,4,4,6,10,79,197,89,10,8,4,2,0,4,2,
Y23,4,4,4,4,4,4,4,6,53,104,65,10,8,6,5,6,4,4,
Y24,2,0,3,4,2,5,4,6,6,8,8,6,4,5,4,4,4,3,
Y25,2,2,2,2,4,4,4,4,4,5,4,4,4,4,2,4,2,0,
Y26,0,3,3,2,3,2,2,4,4,2,4,4,4,3,2,3,2,4,
Y27,0,4,2,2,2,2,2,6,2,4,4,2,4,2,0,3,4,4,
Y28,0,0,2,2,4,2,4,4,2,3,4,4,4,4,4,4,4,4,
Y29,-4,1,4,2,2,2,3,2,2,2,2,4,4,4,2,2,4,2,
Y30,-2,1,2,2,3,2,2,3,2,2,2,2,2,2,3,3,3,2,
Y31,2,2,2,4,2,3,4,2,3,2,2,3,2,3,0,2,2,2,
Y32,2,2,2,4,2,1,3,2,4,2,2,4,2,2,2,3,2,0,

,ID1,,ID2,,ID3,,ID4,,ID5,,ID6,,ID7,,ID8,,ID9,,ID10,,
Frame,X,Y,X,Y,X,Y,X,Y,X,Y,X,Y,X,Y,X,Y,X,Y,X,Y,
LINE_37,381,1081,,,,,,,,,,,,,,,,,,,
RAWDATA_37,X1,X2,X3,X4,X5,X6,X7,X8,X9,X10,X11,X12,X13,X14,X15,X16,X17,X18,
Y1,,0,0,0,0,4,0,0,,,2,0,2,2,2,4,0,,
Y2,-2,0,0,-4,0,2,-4,0,-2,2,1,0,0,0,0,2,0,-2,
Y3,-2,-2,2,-2,0,0,-2,-2,0,0,0,-2,0,2,-2,0,0,0,
Y4,-3,-2,-2,-2,-4,0,-4,0,0,0,0,-2,-2,2,0,0,0,-2,
Y5,-3,-2,2,-2,-2,0,0,0,0,-4,0,-2,-1,2,0,0,2,-1,
Y6,-2,0,2,-1,0,0,-2,-2,0,0,0,-2,2,0,-2,0,0,-1,
Y7,-2,-2,2,0,-2,2,0,-2,0,-1,-2,2,0,2,2,2,0,0,
Y8,-2,-2,0,0,-2,2,0,-1,0,0,0,0,0,-2,2,2,0,0,
Y9,-2,-2,-2,0,0,0,-2,-2,0,-2,2,0,4,2,2,2,0,0,
Y10,-2,-2,-2,0,1,2,0,0,-2,0,0,-2,2,2,0,0,-2,0,
Y11,-3,-2,-3,0,0,0,1,0,0,0,2,0,0,2,-4,0,0,2,
Y12,-2,-2,0,0,0,-4,0,0,-2,0,3,2,4,2,0,2,2,2,
Y13,0,0,-2,2,0,0,-2,2,0,0,2,2,2,2,0,2,0,2,
Y14,-1,0,2,2,0,2,0,0,2,4,2,2,2,2,0,1,2,2,
Y15,-1,2,0,2,0,2,2,0,2,2,2,2,2,2,3,-2,0,4,
Y16,0,0,0,2,2,4,4,0,0,4,2,2,6,4,2,2,2,4,
Y17,-2,0,0,2,2,0,2,3,0,3,4,4,4,4,4,4,2,2,
Y18,0,2,-2,2,4,2,2,4,2,2,4,4,4,4,2,5,4,4,
Y19,2,2,2,0,2,4,4,4,4,4,4,4,2,4,4,4,4,4,
Y20,-1,2,0,2,2,2,3,7,6,10,8,10,5,4,4,4,5,4,
Y21,-2,4,2,2,4,4,4,8,63,185,89,18,8,7,4,2,2,2,
Y22,2,2,1,2,4,4,4,18,328,675,456,63,10,4,4,2,4,4,
Y23,2,4,2,4,4,4,6,10,199,481,248,26,10,4,4,2,4,5,
Y24,2,2,2,2,4,2,2,6,12,20,16,10,7,4,4,4,4,4,
Y25,2,3,2,2,4,4,4,4,5,7,7,6,4,4,4,4,4,2,
Y26,0,2,2,3,4,4,2,4,4,4,6,6,4,4,4,4,2,4,
Y27,-2,4,2,2,2,2,2,4,2,4,4,3,4,2,0,3,4,4,
Y28,0,0,2,2,4,2,2,3,2,3,4,5,4,4,4,2,4,4,
Y29,-2,2,2,4,3,4,3,2,3,2,1,3,2,2,2,1,3,2,
Y30,0,1,0,1,2,3,2,3,2,2,3,2,2,3,3,3,3,2,
Y31,0,2,2,2,2,2,4,2,1,3,2,3,3,3,0,2,2,0,
Y32,2,2,2,2,0,0,2,3,4,2,2,4,2,0,2,3,2,0,

,ID1,,ID2,,ID3,,ID4,,ID5,,ID6,,ID7,,ID8,,ID9,,ID10,,
Frame,X,Y,X,Y,X,Y,X,Y,X,Y,X,Y,X,Y,X,Y,X,Y,X,Y,
LINE_38,381,1081,,,,,,,,,,,,,,,,,,,
RAWDATA_38,X1,X2,X3,X4,X5,X6,X7,X8,X9,X10,X11,X12,X13,X14,X15,X16,X17,X18,
Y1,,0,2,0,0,2,0,0,,,2,0,1,2,4,2,2,,
Y2,-3,0,0,-4,-2,0,-4,0,-2,2,1,0,0,0,0,0,0,0,
Y3,-2,0,2,-2,0,0,-4,-4,0,-2,2,-2,-2,0,-2,1,2,0,
Y4,-3,-1,0,0,-4,0,-4,0,2,0,0,-2,-2,0,-2,0,2,0,
Y5,-2,-2,2,0,-2,2,0,-2,-2,0,0,-2,-2,0,0,-4,0,-1,
Y6,-1,-2,0,-1,0,0,-2,-2,0,2,0,-2,0,0,-2,0,0,0,
Y7,-2,-3,2,-2,0,0,0,0,0,-1,0,2,0,2,2,2,0,0,
Y8,0,-4,0,0,-2,0,-2,-2,0,0,0,0,0,-2,2,2,-2,0,
Y9,-2,-2,-2,0,0,-2,-2,-2,0,-2,0,0,2,0,2,0,0,0,
Y10,-2,-2,-2,0,1,2,0,0,-2,0,1,-2,0,1,-2,0,-2,0,
Y11,-2,-2,-2,0,2,0,1,2,2,2,2,0,0,2,-2,0,0,2,
Y12,0,-2,0,0,0,-2,-1,0,-2,2,2,2,2,2,0,4,2,2,
Y13,0,0,-2,2,0,0,-2,2,0,0,0,0,2,0,0,2,-2,2,
Y14,-1,0,2,0,0,0,2,0,3,4,2,0,4,2,2,3,2,2,
Y15,-1,2,0,1,0,4,2,0,2,2,2,0,2,0,3,0,0,4,
Y16,-2,0,0,0,2,4,4,0,2,4,2,2,2,2,2,2,2,4,
Y17,0,-2,0,2,2,0,2,2,2,4,2,4,4,4,3,4,2,4,
Y18,0,2,-2,4,4,2,2,2,2,4,4,4,5,4,2,2,4,2,
Y19,0,2,2,2,2,4,4,4,4,4,6,4,2,4,4,6,4,2,
Y20,0,4,0,2,4,4,3,8,6,10,8,4,6,2,4,4,2,4,
Y21,0,4,2,4,4,4,4,12,75,197,104,26,4,3,6,4,2,4,
Y22,4,2,2,4,4,5,4,26,408,699,461,65,8,4,5,2,4,6,
Y23,2,4,4,4,4,4,4,18,269,538,271,38,10,4,4,2,4,4,
Y24,2,4,2,2,4,2,2,8,18,32,26,12,6,3,4,2,4,4,
Y25,0,2,2,2,2,3,4,4,7,7,7,4,3,2,4,5,4,4,
Y26,2,2,2,2,2,3,2,2,4,4,3,2,3,3,2,4,4,4,
Y27,0,4,3,4,3,4,2,4,4,4,4,2,2,3,0,3,4,4,
Y28,0,2,2,2,2,2,2,4,5,4,4,3,2,2,4,2,4,4,
Y29,0,3,2,4,2,2,3,4,4,2,1,3,1,2,2,1,2,2,
Y30,0,2,1,1,3,3,2,3,3,2,2,2,2,3,3,3,3,4,
Y31,0,2,4,2,3,2,2,2,2,2,2,2,3,3,0,2,2,2,
Y32,2,2,3,2,0,3,2,2,6,2,2,4,0,0,3,2,2,2,

,ID1,,ID2,,ID3,,ID4,,ID5,,ID6,,ID7,,ID8,,ID9,,ID10,,
Frame,X,Y,X,Y,X,Y,X,Y,X,Y,X,Y,X,Y,X,Y,X,Y,X,Y,
LINE_39,381,1081,,,,,,,,,,,,,,,,,,,
RAWDATA_39,X1,X2,X3,X4,X5,X6,X7,X8,X9,X10,X11,X12,X13,X14,X15,X16,X17,X18,
Y1,,0,2,0,0,0,0,0,,,4,0,1,0,4,2,0,,
Y2,-3,0,0,-4,0,0,-6,2,-2,0,1,0,0,0,0,0,0,-2,
Y3,-2,-2,2,-2,0,0,-2,-4,0,-2,2,0,-2,0,-4,0,2,0,
Y4,-3,0,0,-2,-2,0,-2,0,0,-2,0,0,-2,0,-2,0,0,-2,
Y5,-3,0,2,-2,-2,0,0,-2,0,0,0,-2,-2,0,2,-2,0,-3,
Y6,-1,-2,0,-2,0,0,-2,0,0,0,0,-2,2,0,-2,0,0,-2,
Y7,-2,-3,0,0,-2,0,0,0,0,0,0,4,2,0,4,4,0,-2,
Y8,0,-4,-2,0,-2,0,-2,-3,-2,0,0,2,-2,-2,2,2,-2,0,
Y9,-2,-2,0,-2,0,-2,-2,-4,0,0,0,2,2,0,2,2,2,0,
Y10,-2,-2,-2,2,1,2,-2,0,0,0,1,-2,0,1,-4,0,0,0,
Y11,-2,-3,-2,-2,2,-2,1,2,0,2,4,0,1,0,-2,0,0,0,
Y12,0,-2,2,0,0,0,-1,0,-1,2,2,2,2,2,0,2,2,2,
Y13,0,0,0,2,0,0,0,2,-2,0,2,2,0,0,0,2,-2,0,
Y14,-2,0,0,0,0,2,2,2,3,2,4,2,2,4,3,3,2,3,
Y15,-1,2,0,1,0,4,0,0,4,4,4,2,2,2,3,0,0,4,
Y16,0,0,-2,2,2,4,2,0,2,4,4,2,2,2,2,0,2,4,
Y17,-2,-2,0,2,0,0,2,0,2,4,4,4,2,4,3,4,4,4,
Y18,0,2,-2,2,4,0,2,2,2,4,6,2,2,2,2,2,4,2,
Y19,2,2,0,0,2,2,2,4,2,2,4,4,2,4,4,2,2,2,
Y20,0,4,0,2,4,4,4,8,6,8,8,4,4,2,4,4,3,2,
Y21,2,2,0,4,2,4,6,14,89,216,116,30,4,4,4,4,2,4,
Y22,4,2,2,0,4,4,6,32,410,711,467,69,6,4,4,2,4,4,
Y23,2,4,4,4,4,4,4,22,275,536,291,46,6,5,4,4,4,4,
Y24,0,4,2,2,4,2,2,8,24,42,32,14,6,2,2,2,2,4,
Y25,0,2,2,3,4,4,4,5,7,9,8,4,4,2,4,3,4,4,
Y26,0,3,2,2,2,5,2,3,6,6,4,2,4,4,2,2,4,2,
Y27,0,2,3,4,2,4,2,2,6,4,4,2,2,3,2,3,4,2,
Y28,0,0,2,2,0,4,4,4,4,3,5,3,1,2,2,2,4,4,
Y29,0,2,2,4,3,4,4,2,3,2,4,4,2,2,2,1,3,2,
Y30,0,2,2,1,4,4,2,2,3,2,4,2,3,3,2,3,2,4,
Y31,0,2,3,4,2,3,2,2,2,2,4,4,2,3,2,2,2,2,
Y32,2,3,2,2,0,2,2,2,4,3,2,6,2,0,3,2,2,2,

,ID1,,ID2,,ID3,,ID4,,ID5,,ID6,,ID7,,ID8,,ID9,,ID10,,
Frame,X,Y,X,Y,X,Y,X,Y,X,Y,X,Y,X,Y,X,Y,X,Y,X,Y,
LINE_40,381,1081,,,,,,,,,,,,,,,,,,,
RAWDATA_40,X1,X2,X3,X4,X5,X6,X7,X8,X9,X10,X11,X12,X13,X14,X15,X16,X17,X18,
Y1,,0,2,0,2,0,0,0,,,4,0,1,2,4,4,0,,
Y2,-2,0,0,-4,0,0,0,0,0,0,1,0,0,0,0,0,0,-2,
Y3,-3,-2,0,-2,0,0,-2,-4,0,0,2,-2,-2,2,-2,1,2,-1,
Y4,-3,0,0,0,-2,0,0,0,0,-2,0,-2,0,2,0,0,0,-2,
Y5,-2,2,2,0,2,0,0,0,0,0,0,0,-2,-2,2,0,0,-2,
Y6,-2,-2,2,-2,2,0,0,2,0,0,2,-2,2,0,-2,0,2,-1,
Y7,-2,-3,0,-2,-2,2,0,0,0,-1,0,2,0,0,2,4,0,-2,
Y8,-2,-2,-2,0,-2,0,0,-1,-2,0,0,2,0,-2,4,2,-2,0,
Y9,-2,-2,2,-2,0,-2,-2,-2,0,0,2,0,2,0,2,0,2,-2,
Y10,-3,-2,0,2,1,4,-2,0,0,0,2,-2,0,1,-2,2,0,-2,
Y11,-4,-3,-1,-2,0,0,1,2,0,4,4,0,1,0,0,0,0,0,
Y12,-2,-4,2,2,2,0,-1,0,-1,2,3,4,2,2,2,2,0,2,
Y13,0,0,-2,0,0,0,0,4,-2,0,2,4,2,1,2,2,-2,0,
Y14,-1,0,0,2,0,2,2,2,3,2,4,2,0,4,3,3,2,3,
Y15,-1,0,2,2,2,4,2,0,2,4,4,2,2,4,3,0,2,4,
Y16,0,2,0,2,2,4,4,0,2,4,6,2,2,2,4,0,4,4,
Y17,-2,-2,0,0,0,0,2,2,4,5,4,4,4,6,4,6,2,4,
Y18,-2,2,0,2,2,0,2,4,2,4,4,4,2,4,4,2,2,3,
Y19,2,2,2,0,4,4,2,4,4,2,6,4,2,4,4,2,2,2,
Y20,0,2,4,2,4,6,4,9,6,10,10,6,5,4,4,4,3,2,
Y21,4,2,2,4,0,6,4,14,99,234,126,32,4,3,4,4,2,6,
Y22,4,2,3,4,4,4,4,40,424,711,473,69,4,6,2,2,4,4,
Y23,2,4,2,4,4,5,4,26,283,532,293,48,4,4,2,4,4,4,
Y24,0,2,3,0,4,4,2,8,26,48,32,16,6,2,4,2,2,4,
Y25,0,3,3,2,4,4,4,5,7,4,7,2,5,2,6,4,2,4,
Y26,2,3,4,2,4,4,4,2,4,4,4,4,4,4,4,2,3,2,
Y27,0,4,4,4,4,4,4,2,2,4,4,4,2,2,2,4,4,2,
Y28,0,0,3,2,2,4,4,2,2,3,2,4,1,1,6,2,4,4,
Y29,0,2,2,4,5,4,4,2,3,2,4,5,3,2,2,0,4,4,
Y30,0,2,2,1,4,4,2,2,2,2,4,2,3,2,3,3,3,4,
Y31,0,3,3,4,2,2,4,2,2,3,4,3,2,2,2,2,2,2,
Y32,1,3,4,2,2,2,2,2,2,2,2,2,2,0,3,3,2,2,

,ID1,,ID2,,ID3,,ID4,,ID5,,ID6,,ID7,,ID8,,ID9,,ID10,,
Frame,X,Y,X,Y,X,Y,X,Y,X,Y,X,Y,X,Y,X,Y,X,Y,X,Y,
LINE_41,381,1081,,,,,,,,,,,,,,,,,,,
RAWDATA_41,X1,X2,X3,X4,X5,X6,X7,X8,X9,X10,X11,X12,X13,X14,X15,X16,X17,X18,
Y1,,0,0,2,0,0,2,0,,,4,2,1,2,4,4,2,,
Y2,-1,0,0,-4,0,0,0,0,0,2,2,0,0,-2,0,0,0,-2,
Y3,-2,0,0,0,-2,0,-2,-2,2,0,2,-2,-2,0,-2,1,2,0,
Y4,-3,0,0,0,-2,0,0,0,0,0,2,0,-2,0,0,2,2,-4,
Y5,-2,0,0,-2,0,0,-2,-2,0,0,2,0,-2,0,2,0,0,-1,
Y6,-2,-2,0,-1,-2,0,-2,-2,2,0,0,-1,2,0,-2,0,2,-1,
Y7,-2,-2,2,0,-2,0,2,0,0,-1,0,2,2,0,2,2,0,-4,
Y8,-2,-2,-2,0,-2,0,4,-1,2,0,0,2,0,-2,2,2,-2,0,
Y9,-2,-2,0,0,0,0,0,-2,-2,0,2,0,2,2,0,2,0,0,
Y10,-2,-2,2,2,1,2,0,0,0,2,2,0,-2,2,-2,2,-2,0,
Y11,-3,-3,-1,-2,2,-2,1,2,2,4,2,0,2,2,0,0,2,0,
Y12,0,-2,2,4,2,0,0,-1,-1,2,3,4,2,2,0,2,0,2,
Y13,-2,0,-2,4,0,0,2,4,0,2,2,4,2,1,2,2,0,2,
Y14,-2,0,2,2,2,2,2,4,4,4,4,2,2,4,4,3,2,2,
Y15,0,0,2,0,0,4,2,0,2,4,4,2,2,4,4,2,2,4,
Y16,0,0,2,2,4,4,4,2,0,6,2,4,2,2,6,2,4,4,
Y17,0,0,0,2,2,0,2,2,4,4,4,4,4,4,4,4,4,4,
Y18,0,2,0,2,4,2,2,4,4,6,4,4,4,4,6,4,4,4,
Y19,0,2,2,2,4,4,6,4,4,6,5,4,4,6,4,4,2,2,
Y20,-1,2,4,4,4,4,4,4,6,10,10,6,4,4,4,4,3,2,
Y21,4,0,2,4,4,4,4,16,108,191,79,30,2,2,2,4,2,2,
Y22,0,2,4,4,2,4,4,48,483,711,367,65,4,4,2,2,4,4,
Y23,4,4,4,6,2,4,4,32,316,530,277,46,4,4,2,4,4,2,
Y24,0,2,2,2,4,4,4,10,30,53,34,16,5,2,3,2,4,4,
Y25,2,4,4,4,2,4,6,6,8,6,9,2,4,2,4,4,2,4,
Y26,2,4,5,4,4,4,4,4,4,6,4,4,4,4,4,4,2,2,
Y27,2,4,3,4,4,4,4,4,2,4,4,2,2,3,4,4,4,4,
Y28,0,4,4,6,2,4,4,2,2,4,4,2,1,1,4,2,4,4,
Y29,0,3,4,4,4,4,5,2,3,2,4,4,4,4,4,1,4,4,
Y30,2,2,2,2,4,4,4,4,2,2,4,4,4,4,4,3,4,6,
Y31,2,2,4,4,4,2,4,4,2,2,4,4,2,2,2,2,2,2,
Y32,2,3,4,6,2,3,2,4,4,2,4,2,2,2,3,3,2,2,

,ID1,,ID2,,ID3,,ID4,,ID5,,ID6,,ID7,,ID8,,ID9,,ID10,,
Frame,X,Y,X,Y,X,Y,X,Y,X,Y,X,Y,X,Y,X,Y,X,Y,X,Y,
LINE_42,-,-,-,-,-,-,-,-,-,-,-,-,-,-,-,-,-,-,-,-,Gesture:,
RAWDATA_42,X1,X2,X3,X4,X5,X6,X7,X8,X9,X10,X11,X12,X13,X14,X15,X16,X17,X18,
Y1,,0,0,2,0,0,2,0,,,2,0,1,2,4,4,2,,
Y2,-2,0,0,-2,0,-2,0,0,0,4,2,0,0,0,0,2,0,0,
Y3,-2,-2,0,-2,0,0,-2,-2,2,0,2,0,-2,0,-2,1,2,-1,
Y4,-3,0,0,0,-2,0,-2,0,0,0,0,0,0,0,0,2,0,-2,
Y5,-2,0,0,-2,-2,0,0,-2,0,-2,0,-2,-1,-2,2,0,2,0,
Y6,-3,-2,0,-1,0,0,-2,-2,0,2,2,-1,2,0,-2,4,2,-1,
Y7,-2,-3,0,0,-2,2,0,0,0,0,2,2,2,2,2,2,0,-2,
Y8,0,-2,-2,0,-2,0,2,-1,2,0,0,2,2,0,2,2,0,0,
Y9,-2,-3,0,2,0,0,0,0,0,0,2,0,2,0,0,2,0,0,
Y10,-2,0,-2,2,3,4,0,0,0,2,0,-2,0,1,-2,4,0,0,
Y11,-3,-2,-2,0,2,-2,0,2,2,4,0,-2,2,2,-2,0,2,0,
Y12,0,-2,2,2,4,0,0,0,-1,2,3,4,0,0,0,4,2,4,
Y13,-2,0,-2,4,0,0,0,4,0,2,2,4,2,2,2,4,2,2,
Y14,-2,0,2,2,0,2,2,2,2,4,2,2,2,4,4,3,0,4,
Y15,0,2,2,0,0,4,0,0,4,3,4,2,4,4,4,4,2,4,
Y16,0,0,0,4,2,4,4,0,0,4,0,4,2,2,2,4,4,4,
Y17,0,-2,2,2,2,0,0,2,2,2,4,2,4,4,4,4,4,4,
Y18,0,0,0,2,2,2,2,2,4,2,2,4,4,4,2,4,4,4,
Y19,-2,2,2,4,4,2,2,2,4,2,1,2,2,2,4,4,2,4,
Y20,-1,2,2,2,4,2,2,3,0,2,2,4,2,3,4,4,4,4,
Y21,2,0,2,2,4,2,4,10,10,10,6,11,0,0,0,4,4,4,
Y22,-2,2,3,2,2,3,6,34,6,-2,13,8,-2,2,2,2,2,4,
Y23,2,3,3,2,2,4,7,19,5,5,19,30,0,2,2,4,4,2,
Y24,0,4,2,2,4,4,5,10,17,14,17,11,2,1,3,4,4,4,
Y25,-2,3,5,4,2,4,2,4,5,4,4,2,2,2,2,4,4,4,
Y26,2,3,4,4,4,2,3,4,4,2,2,4,2,3,4,4,4,4,
Y27,2,3,1,3,3,4,2,2,4,2,3,2,3,3,2,4,4,4,
Y28,0,4,3,0,2,2,4,4,4,2,2,2,1,1,2,4,4,4,
Y29,-2,3,3,2,3,2,2,2,3,3,3,2,3,2,2,2,4,4,
Y30,0,2,2,2,4,4,2,3,2,1,4,4,4,4,4,2,5,4,
Y31,4,4,4,4,4,4,4,4,2,3,4,4,2,4,4,4,4,2,
Y32,4,4,4,2,2,2,2,4,4,2,4,2,2,2,4,4,4,4,

,ID1,,ID2,,ID3,,ID4,,ID5,,ID6,,ID7,,ID8,,ID9,,ID10,,
Frame,X,Y,X,Y,X,Y,X,Y,X,Y,X,Y,X,Y,X,Y,X,Y,X,Y,
LINE_43,-,-,-,-,-,-,-,-,-,-,-,-,-,-,-,-,-,-,-,-,Gesture:,
RAWDATA_43,X1,X2,X3,X4,X5,X6,X7,X8,X9,X10,X11,X12,X13,X14,X15,X16,X17,X18,
Y1,,0,0,2,0,0,4,0,,,2,0,1,0,2,2,2,,
Y2,-2,-2,0,-2,0,0,-2,0,0,2,2,0,0,-2,0,0,0,-2,
Y3,-2,-4,0,0,-2,0,-2,-4,0,0,2,0,-2,0,-2,1,0,-1,
Y4,-3,0,0,0,0,2,-2,0,0,0,0,2,0,0,2,2,2,-2,
Y5,-2,-2,0,0,0,-2,-2,-2,-2,-2,0,-4,-2,-2,2,0,0,-1,
Y6,-2,-2,0,0,0,0,-2,-2,2,0,0,-2,0,0,-2,0,0,-1,
Y7,-2,-3,0,-2,0,2,0,-2,0,0,2,0,2,0,2,2,0,-2,
Y8,0,0,-2,0,0,-2,0,-1,0,0,2,0,0,0,2,0,-2,0,
Y9,-2,-3,0,0,0,0,0,-4,0,0,2,0,0,0,0,2,0,0,
Y10,-2,0,-2,2,2,2,-2,0,-2,0,0,0,0,1,-2,4,-2,0,
Y11,-2,0,-1,0,2,-2,2,2,2,4,2,-2,1,2,-2,2,0,2,
Y12,-2,-2,2,0,2,0,-2,0,-1,2,0,2,0,0,0,2,2,2,
Y13,-2,0,-2,4,0,-2,0,1,0,2,2,2,0,2,2,4,0,0,
Y14,-2,-2,2,2,0,2,2,2,0,4,0,0,0,2,3,3,2,2,
Y15,-2,0,2,2,0,4,2,0,2,2,2,2,3,2,3,2,0,2,
Y16,0,0,0,2,2,2,3,0,0,2,0,2,2,-2,0,2,2,4,
Y17,2,-2,0,4,2,0,0,1,2,0,0,0,2,1,1,2,2,2,
Y18,0,2,-2,0,2,2,0,0,2,0,-2,1,0,1,0,2,4,3,
Y19,-2,2,2,2,2,2,0,0,1,-2,-2,-2,2,0,0,2,1,2,
Y20,-1,2,2,4,2,2,0,-2,-6,-6,-6,-2,-1,1,1,2,3,2,
Y21,0,0,0,2,3,0,-1,0,0,-1,-2,1,-4,-2,-2,2,0,0,
Y22,-4,4,2,0,2,1,-2,4,-1,-4,0,-1,-6,-2,-1,2,2,1,
Y23,2,3,2,2,0,1,-1,1,-1,-2,4,4,-4,-2,0,0,2,0,
Y24,0,2,2,2,2,2,0,1,2,0,2,0,-3,-2,0,2,2,0,
Y25,-2,2,2,3,0,0,0,1,-1,-2,-1,-2,0,0,0,2,2,2,
Y26,2,3,3,3,2,2,2,0,0,2,0,0,0,1,2,2,2,4,
Y27,0,3,1,3,2,0,0,2,2,0,1,-1,1,1,0,2,3,4,
Y28,0,2,1,0,2,0,4,2,2,0,2,2,0,2,0,2,3,2,
Y29,0,3,3,2,2,2,1,2,2,3,2,2,3,2,2,2,3,2,
Y30,0,0,2,2,3,3,3,3,1,2,2,2,3,3,3,2,2,2,
Y31,2,3,2,3,2,2,3,3,3,2,2,3,1,3,4,2,3,2,
Y32,2,3,2,2,2,2,2,3,2,2,3,2,2,2,3,2,4,2,

,ID1,,ID2,,ID3,,ID4,,ID5,,ID6,,ID7,,ID8,,ID9,,ID10,,
Frame,X,Y,X,Y,X,Y,X,Y,X,Y,X,Y,X,Y,X,Y,X,Y,X,Y,
LINE_44,-,-,-,-,-,-,-,-,-,-,-,-,-,-,-,-,-,-,-,-,Gesture:,
RAWDATA_44,X1,X2,X3,X4,X5,X6,X7,X8,X9,X10,X11,X12,X13,X14,X15,X16,X17,X18,
Y1,,0,2,0,0,0,1,0,,,2,2,2,2,2,0,2,,
Y2,-3,0,0,-2,2,0,-4,0,-2,1,0,0,0,-2,0,0,0,-2,
Y3,-2,0,2,0,0,2,-4,-3,0,0,2,-2,0,0,-2,1,-2,-2,
Y4,-3,0,-2,0,0,2,-4,-2,0,0,0,0,0,0,-2,0,0,-2,
Y5,-2,-4,0,0,-2,0,-2,-2,-4,-2,-2,-4,-2,-2,0,-2,-2,-2,
Y6,-1,-2,-2,0,2,0,-2,-2,2,0,-2,-3,0,-2,-4,0,0,0,
Y7,-2,-2,0,0,0,2,0,-2,0,-2,0,0,0,0,0,2,-2,-4,
Y8,0,-2,-2,0,-2,0,0,-2,0,0,2,2,0,-2,2,0,-2,0,
Y9,-2,-2,-2,0,0,0,-2,-4,0,-2,0,-2,2,0,0,0,0,0,
Y10,-3,-2,0,0,2,2,-2,0,0,-2,0,0,0,1,-1,2,-2,0,
Y11,-2,0,-1,0,0,-2,2,2,0,1,2,-2,0,1,-2,0,0,2,
Y12,0,-2,0,0,0,0,0,0,-1,2,0,0,0,-2,-2,2,2,2,
Y13,0,-2,-2,1,0,0,0,1,-2,0,1,0,0,1,0,2,0,0,
Y14,-2,-2,0,2,0,0,0,2,0,1,0,0,0,2,2,2,2,0,
Y15,-2,2,0,0,-2,2,0,2,0,0,0,2,1,2,2,2,-2,2,
Y16,0,0,0,2,2,3,2,0,-2,2,-4,0,2,-2,0,0,-2,1,
Y17,0,-2,0,2,2,2,0,0,0,-1,0,0,1,0,1,2,0,0,
Y18,0,2,-4,0,0,2,-2,0,0,0,-2,-2,-1,0,-2,0,1,1,
Y19,-2,2,-2,0,2,2,-2,-2,-1,-4,-4,-2,0,-2,0,0,0,0,
Y20,-1,2,0,2,0,2,-2,-4,-5,-5,-5,-5,-3,-2,0,-1,1,2,
Y21,-2,0,0,0,1,0,-3,-4,-4,-4,-3,-3,-4,-4,-2,0,0,-2,
Y22,-4,2,0,0,0,0,-3,-4,-4,-6,-4,-5,-5,-4,-3,0,0,0,
Y23,2,3,2,2,0,0,-3,-4,-4,-5,-3,-3,-5,-4,-2,-2,0,-1,
Y24,0,2,2,2,4,1,-2,-1,-4,-5,-4,-4,-5,-2,0,0,2,0,
Y25,-2,0,0,2,-1,0,-2,-2,-4,-4,-3,-4,-2,-2,0,2,2,2,
Y26,0,2,2,2,2,1,1,0,-2,-2,0,0,0,0,0,2,2,0,
Y27,0,0,0,2,1,-2,0,0,0,-1,1,-1,1,0,0,0,3,0,
Y28,0,2,-1,-2,2,0,1,0,0,-1,0,1,-1,0,0,2,2,2,
Y29,0,1,1,2,2,2,-1,2,2,2,0,0,3,2,4,2,2,0,
Y30,0,0,2,2,3,3,2,3,1,2,2,2,3,2,3,1,2,0,
Y31,0,2,2,3,2,3,2,3,3,2,1,3,1,3,4,2,2,0,
Y32,0,3,2,0,2,2,3,2,1,2,2,2,2,2,3,1,2,2,

,ID1,,ID2,,ID3,,ID4,,ID5,,ID6,,ID7,,ID8,,ID9,,ID10,,
Frame,X,Y,X,Y,X,Y,X,Y,X,Y,X,Y,X,Y,X,Y,X,Y,X,Y,
LINE_45,-,-,-,-,-,-,-,-,-,-,-,-,-,-,-,-,-,-,-,-,Gesture:,
RAWDATA_45,X1,X2,X3,X4,X5,X6,X7,X8,X9,X10,X11,X12,X13,X14,X15,X16,X17,X18,
Y1,,0,0,2,0,0,1,2,,,2,0,2,0,2,2,2,,
Y2,-3,0,-2,-2,2,0,-2,2,0,1,1,0,0,-2,0,0,0,-2,
Y3,-3,0,2,0,0,2,-2,-1,0,0,0,-2,-2,-2,0,1,0,0,
Y4,-3,0,-2,-2,0,0,-2,0,0,-2,0,-2,-2,0,0,0,2,-2,
Y5,-3,-4,2,0,-2,0,0,-2,-2,-2,0,-2,-2,-2,0,-2,0,-1,
Y6,-2,-2,-2,-2,2,0,0,-2,2,0,-2,-3,-2,0,-3,0,0,-2,
Y7,-3,-3,0,-2,0,2,0,0,0,-2,0,0,0,2,0,2,-2,-4,
Y8,0,-2,-2,0,-2,-2,0,0,-2,0,2,2,-2,0,2,0,-2,-2,
Y9,-5,-3,0,0,0,0,-2,-4,0,-2,0,0,2,0,0,0,0,0,
Y10,-4,-4,0,0,2,2,0,0,0,-2,0,0,-2,0,-1,0,-2,0,
Y11,-3,-2,-2,0,0,-2,2,2,0,1,2,-2,0,1,-2,0,0,0,
Y12,-2,-2,2,2,0,0,-2,-2,0,0,0,0,0,0,-2,0,0,1,
Y13,-2,-4,-4,1,0,0,0,1,-2,0,1,0,0,1,2,2,0,0,
Y14,-3,0,2,2,2,0,0,0,0,1,0,0,0,2,2,0,2,0,
Y15,-2,0,0,2,0,2,2,0,2,0,0,0,0,2,1,0,0,2,
Y16,0,0,0,0,2,2,2,0,0,0,-4,-2,0,-2,-2,0,-2,0,
Y17,-2,-4,0,2,2,0,0,0,0,-2,0,-2,-2,2,1,0,0,0,
Y18,0,0,-2,0,2,2,0,2,0,-2,-3,0,-3,0,-2,0,0,1,
Y19,-2,2,0,0,2,0,-2,-2,0,-4,-5,-4,-2,-2,0,0,-2,0,
Y20,-1,0,0,2,0,0,-1,-3,-4,-4,-5,-5,-4,-2,0,-1,1,2,
Y21,-2,0,0,-2,1,-2,-3,-4,-4,-4,-4,-4,-4,-4,-2,0,-1,0,
Y22,-2,2,0,0,0,1,-4,-5,-3,-4,-4,-3,-4,-4,-2,0,-2,2,
Y23,2,3,2,0,0,0,-3,-5,-4,-3,-5,-5,-5,-4,-3,-2,0,-2,
Y24,0,2,2,2,2,1,-3,-2,-4,-4,-4,-5,-5,-2,0,-2,2,-1,
Y25,-2,0,0,2,0,0,-4,-2,-2,-4,-4,-4,-4,-2,0,0,2,2,
Y26,0,1,2,3,2,1,0,0,-3,-4,-2,-2,-4,-2,1,1,0,0,
Y27,0,1,2,3,3,2,0,0,2,0,0,-2,-1,0,0,0,1,2,
Y28,-2,2,-2,0,4,0,1,1,0,-2,-1,0,-2,-2,0,0,2,2,
Y29,-2,2,1,0,2,2,0,2,1,1,1,0,2,2,3,0,1,0,
Y30,-2,0,2,0,3,3,2,3,0,0,2,2,0,2,3,0,1,0,
Y31,0,1,0,3,2,3,2,2,3,2,0,1,0,2,2,0,0,0,
Y32,0,1,1,0,2,2,3,2,3,2,0,0,-2,0,3,2,0,2,

,ID1,,ID2,,ID3,,ID4,,ID5,,ID6,,ID7,,ID8,,ID9,,ID10,,
Frame,X,Y,X,Y,X,Y,X,Y,X,Y,X,Y,X,Y,X,Y,X,Y,X,Y,
LINE_46,-,-,-,-,-,-,-,-,-,-,-,-,-,-,-,-,-,-,-,-,Gesture:,
RAWDATA_46,X1,X2,X3,X4,X5,X6,X7,X8,X9,X10,X11,X12,X13,X14,X15,X16,X17,X18,
Y1,,0,0,2,0,2,1,2,,,4,0,1,0,2,2,2,,
Y2,-2,0,0,-2,0,0,-2,2,0,0,1,0,0,0,0,0,0,-2,
Y3,-2,2,2,-2,0,2,-2,-1,0,0,2,-4,-2,2,-2,1,-2,-2,
Y4,-3,0,0,0,0,0,0,2,2,-2,0,0,-2,2,-2,2,2,-4,
Y5,-4,0,0,-2,-2,0,0,-2,-2,0,0,-2,-1,0,2,-2,0,-3,
Y6,-2,0,-2,-2,0,-2,0,-2,0,2,-2,-2,0,2,0,0,0,-2,
Y7,-2,-3,2,-4,-2,2,0,0,0,-2,0,0,0,0,0,2,-2,-4,
Y8,0,-2,-2,-2,-2,-2,0,-2,0,0,2,0,-2,0,2,2,0,0,
Y9,-2,-3,0,2,0,0,-2,-1,0,-2,2,0,2,0,2,0,0,0,
Y10,-4,-4,0,0,1,2,0,2,0,0,0,2,0,2,-1,2,-4,0,
Y11,-5,-2,-3,0,0,-2,2,0,0,1,2,0,0,0,-2,-2,0,0,
Y12,-2,-4,0,2,0,0,-2,0,0,0,2,0,0,0,0,2,0,0,
Y13,-2,-4,-2,0,0,-2,2,1,-4,0,2,0,1,2,2,2,0,0,
Y14,-2,-2,2,2,2,0,0,0,1,1,0,0,2,2,2,2,2,-1,
Y15,-2,0,0,0,2,2,0,0,0,1,2,0,0,0,1,0,-2,0,
Y16,0,0,0,2,2,2,2,0,0,0,-4,0,-2,-2,-2,-2,-2,0,
Y17,-2,-2,0,2,2,-2,0,0,0,0,2,-2,0,0,0,0,-2,2,
Y18,0,2,-2,0,2,0,0,2,0,-2,-2,0,-2,0,-4,0,0,1,
Y19,0,2,0,0,2,0,-2,-2,0,-3,-3,-3,-6,-2,-4,-2,-2,0,
Y20,-1,0,0,4,2,0,0,-3,-4,-4,-4,-3,-4,-2,0,-2,1,0,
Y21,0,-2,2,0,0,-2,-2,-4,-5,-4,-4,-5,-4,-3,-2,-2,0,0,
Y22,-1,0,-1,-2,0,-2,-2,-4,-4,-4,-4,-3,-4,-2,-2,-2,-2,0,
Y23,2,2,2,0,-2,0,-2,-4,-5,-3,-4,-5,-2,-2,-3,-2,-2,-3,
Y24,-2,2,0,0,0,0,-3,-4,-5,-4,-4,-4,-2,-3,0,-2,0,-1,
Y25,-2,0,0,1,-1,0,-4,-3,-2,-5,-5,-4,-2,-3,0,0,2,0,
Y26,0,1,0,3,1,0,0,0,-3,-4,-2,-2,-2,-1,1,0,0,0,
Y27,0,1,2,1,1,0,0,0,0,0,1,-1,0,1,-2,0,1,0,
Y28,-2,2,-1,-2,2,0,3,2,0,-1,0,2,-1,-2,0,0,1,1,
Y29,-2,2,1,0,2,2,2,2,2,1,2,2,3,2,3,0,1,-2,
Y30,-2,0,2,0,3,2,3,2,0,2,0,2,2,2,3,0,0,0,
Y31,0,1,0,2,2,2,2,2,2,2,2,2,2,2,0,0,1,0,
Y32,0,1,2,2,0,2,3,2,2,2,0,0,2,0,2,0,0,0,

,ID1,,ID2,,ID3,,ID4,,ID5,,ID6,,ID7,,ID8,,ID9,,ID10,,
Frame,X,Y,X,Y,X,Y,X,Y,X,Y,X,Y,X,Y,X,Y,X,Y,X,Y,
LINE_47,-,-,-,-,-,-,-,-,-,-,-,-,-,-,-,-,-,-,-,-,Gesture:,
RAWDATA_47,X1,X2,X3,X4,X5,X6,X7,X8,X9,X10,X11,X12,X13,X14,X15,X16,X17,X18,
Y1,,2,0,2,0,2,2,2,,,2,0,1,2,2,0,4,,
Y2,-3,0,-2,-2,0,0,0,0,-2,0,1,0,0,-2,0,2,0,-2,
Y3,-2,0,2,-2,0,2,-2,-1,2,0,0,0,0,0,-2,1,-2,-3,
Y4,-4,0,0,0,0,0,-2,2,4,-2,-2,0,0,0,-2,2,0,-4,
Y5,-3,-2,0,-2,-2,0,-2,0,-2,-2,0,-2,-2,0,0,-4,0,-2,
Y6,-3,0,0,-2,-2,-2,-2,-2,2,0,0,-2,0,0,-1,0,0,-2,
Y7,-3,-3,0,-2,-2,0,0,0,0,-2,0,0,2,0,2,2,-2,-2,
Y8,0,-2,-2,0,-2,0,2,-2,0,-2,2,0,0,0,0,0,-2,-2,
Y9,-3,-3,0,0,0,0,0,-1,0,-2,2,-2,2,0,0,-2,0,0,
Y10,-3,-4,0,0,1,0,0,0,0,0,0,0,0,2,-1,2,-2,0,
Y11,-2,-2,-3,-2,0,-2,0,2,0,1,2,-2,2,0,0,0,0,0,
Y12,-2,-4,0,2,0,0,0,0,0,-2,2,2,0,0,-2,2,2,0,
Y13,-2,-4,0,0,0,0,0,1,-2,0,1,0,2,2,2,0,0,0,
Y14,-2,-2,2,2,0,0,0,0,1,1,0,0,2,2,2,1,2,-1,
Y15,-2,0,0,0,0,2,0,2,0,0,2,0,0,0,1,0,-2,0,
Y16,-2,-2,0,2,0,1,1,-2,0,0,-3,0,0,0,-2,-2,0,0,
Y17,-2,-4,2,0,0,-2,0,0,0,-2,2,-2,0,0,1,0,-2,0,
Y18,-2,0,-2,0,2,0,0,0,0,-2,-2,-2,-3,0,-2,0,2,0,
Y19,-2,0,0,0,2,2,0,-2,-2,-3,-4,-4,-3,0,-2,-2,-2,-2,
Y20,-1,0,-2,2,2,0,0,-4,-4,-4,-4,-2,-3,-2,0,-2,0,0,
Y21,0,-2,0,-2,0,-4,-5,-5,-4,-4,-4,-4,-4,-3,-2,-2,0,-2,
Y22,-2,0,0,0,0,-2,-4,-4,-4,-3,-4,-4,-5,-2,-2,-2,0,-2,
Y23,0,2,1,2,-2,-2,-4,-4,-4,-4,-5,-4,-2,-2,-2,-2,-2,-2,
Y24,-2,1,0,0,0,-1,-3,-4,-5,-5,-4,-5,-2,-3,-2,-2,0,-2,
Y25,-2,0,0,1,-1,0,-3,-2,-2,-4,-4,-4,-2,-3,0,0,0,-2,
Y26,0,1,0,2,1,0,0,0,-3,-3,-2,0,-2,-2,1,0,0,0,
Y27,0,1,2,1,1,0,-2,0,0,0,0,-1,-2,0,-2,0,1,0,
Y28,-2,4,-1,-2,2,0,1,1,0,-1,0,2,-1,-2,-2,0,0,1,
Y29,-2,2,2,2,2,2,2,2,2,2,0,2,3,0,1,2,0,-2,
Y30,-4,0,2,0,3,3,2,2,-2,1,0,2,2,2,3,0,0,0,
Y31,0,0,0,2,2,0,2,2,2,1,-1,1,2,2,2,0,1,2,
Y32,0,1,0,0,0,2,2,2,2,2,-2,0,4,0,3,2,0,0,

,ID1,,ID2,,ID3,,ID4,,ID5,,ID6,,ID7,,ID8,,ID9,,ID10,,
Frame,X,Y,X,Y,X,Y,X,Y,X,Y,X,Y,X,Y,X,Y,X,Y,X,Y,
LINE_48,-,-,-,-,-,-,-,-,-,-,-,-,-,-,-,-,-,-,-,-,Gesture:,
RAWDATA_48,X1,X2,X3,X4,X5,X6,X7,X8,X9,X10,X11,X12,X13,X14,X15,X16,X17,X18,
Y1,,0,0,0,0,2,1,0,,,0,0,1,2,2,0,2,,
Y2,-3,2,-2,-2,0,0,0,0,-2,0,0,0,2,-2,-2,0,0,-2,
Y3,-3,0,2,-4,-2,2,-2,-3,2,0,0,0,-2,0,-2,1,0,-3,
Y4,-2,0,0,-2,0,0,-2,0,2,0,-4,-2,0,0,-2,2,0,-4,
Y5,-2,0,0,-4,-4,0,0,-2,-2,-2,0,-4,-3,0,0,-4,0,-2,
Y6,-3,0,-2,-2,0,0,-2,-4,0,2,-2,-2,0,0,0,-2,0,-4,
Y7,-2,-3,0,-2,-2,0,-2,0,-2,-2,0,0,2,2,0,2,-2,-3,
Y8,0,-2,-2,0,-2,0,2,-2,0,-2,0,0,0,0,2,2,-2,0,
Y9,-2,-3,0,0,0,0,-2,-2,-2,-2,0,-2,0,-2,0,0,-2,0,
Y10,-3,-3,0,0,0,0,-2,0,-2,-2,-2,0,-2,0,-1,2,-2,0,
Y11,-2,-2,-2,-2,0,-2,0,0,-2,1,0,-2,2,1,0,0,-2,0,
Y12,-2,-2,2,2,-2,0,-2,-2,-2,0,0,2,2,2,-2,2,2,0,
Y13,-2,-2,0,2,-2,0,0,0,-2,-2,1,-2,0,1,0,2,-2,0,
Y14,-3,-2,0,0,0,2,0,0,0,0,-2,0,0,2,2,1,0,-1,
Y15,-2,0,0,-2,-2,1,0,2,0,-1,0,0,0,0,1,-2,0,-2,
Y16,-2,-2,-2,2,0,0,0,0,-2,0,-3,-2,0,0,-2,0,-2,0,
Y17,-2,-3,2,0,0,-2,0,-2,0,-2,0,-4,0,-2,0,0,-2,-2,
Y18,-2,0,-2,0,2,-2,0,-2,0,-2,-3,-2,-3,0,-2,0,0,-2,
Y19,-2,0,0,-2,0,0,-2,-2,-4,-4,-4,-4,-4,-4,-4,-2,-2,-2,
Y20,-3,0,-2,1,0,-2,0,-3,-4,-4,-4,-4,-4,-2,-2,-2,0,-2,
Y21,-2,-2,0,-2,-2,-4,-4,-4,-3,-5,-4,-4,-4,-4,-2,-4,0,-2,
Y22,-2,0,-2,-2,0,-4,-4,-5,-4,-3,-5,-5,-3,-5,-2,-2,-2,-2,
Y23,0,1,0,0,-2,-2,-4,-4,-4,-4,-4,-4,-2,-4,-2,-2,-2,-3,
Y24,-2,1,0,-4,0,-1,-4,-5,-4,-4,-4,-4,-4,-3,-2,-2,0,-3,
Y25,-2,0,0,1,-2,0,-3,-3,-4,-4,-4,-4,-2,-2,-2,-1,0,-2,
Y26,0,0,0,1,0,-1,2,0,-2,-3,-3,-2,-2,-2,0,-1,1,0,
Y27,-2,1,2,0,0,0,0,-2,-2,-2,0,-2,-2,1,-2,0,1,-2,
Y28,-2,1,-1,-2,2,0,1,0,-2,-1,-2,0,-1,-2,-2,0,1,0,
Y29,0,1,1,4,2,2,1,0,0,1,0,0,3,0,1,2,1,-2,
Y30,-2,0,2,0,3,2,0,1,0,0,-1,2,2,0,2,0,0,0,
Y31,-2,1,1,1,1,0,1,0,0,0,0,1,2,2,0,0,1,0,
Y32,2,0,1,-2,0,0,1,0,0,1,0,0,2,0,3,2,2,0,

,ID1,,ID2,,ID3,,ID4,,ID5,,ID6,,ID7,,ID8,,ID9,,ID10,,
Frame,X,Y,X,Y,X,Y,X,Y,X,Y,X,Y,X,Y,X,Y,X,Y,X,Y,
LINE_49,-,-,-,-,-,-,-,-,-,-,-,-,-,-,-,-,-,-,-,-,Gesture:,
RAWDATA_49,X1,X2,X3,X4,X5,X6,X7,X8,X9,X10,X11,X12,X13,X14,X15,X16,X17,X18,
Y1,,0,0,0,0,2,0,0,,,0,0,1,2,2,0,2,,
Y2,-2,2,-4,0,0,-2,0,0,-2,2,0,0,0,0,-2,0,-2,-2,
Y3,-3,-2,2,-2,0,2,-2,-1,0,-2,0,0,0,0,-4,1,0,-3,
Y4,-2,0,0,-2,0,2,-2,0,2,-2,-2,-2,0,0,-4,2,0,-3,
Y5,-2,-2,-2,-4,-4,-2,0,-4,-2,-2,0,-3,-2,0,-2,-4,0,-3,
Y6,-2,-2,0,-2,-2,0,-2,-4,-2,0,-2,-2,2,0,-2,0,0,-3,
Y7,-2,-3,0,-2,-2,0,0,0,0,-2,0,0,0,0,0,1,-2,-3,
Y8,2,-2,-4,0,-2,0,2,0,-2,0,0,2,0,-2,2,2,-2,0,
Y9,0,-2,0,-2,2,0,-2,-2,-4,-2,0,-2,0,-2,0,-2,-2,0,
Y10,-2,-3,0,0,0,2,0,0,-2,-2,0,0,0,0,-1,0,-4,0,
Y11,-1,-2,-1,0,0,0,2,0,0,1,0,0,2,1,-2,0,0,0,
Y12,-2,-3,0,2,-2,0,-2,-2,-4,0,0,0,2,0,0,2,-2,0,
Y13,-2,0,0,0,-2,0,-2,-2,-2,-2,2,0,0,1,0,2,-2,-2,
Y14,-3,0,0,0,0,2,-2,-2,0,0,-2,0,0,2,0,1,0,-1,
Y15,-2,0,0,-2,0,1,0,2,-2,-1,0,0,2,2,1,-2,0,0,
Y16,0,0,0,0,0,1,0,-2,-2,0,0,-2,0,0,0,0,-4,0,
Y17,-2,-1,0,0,0,-2,0,-2,-2,-2,0,-2,0,0,0,0,-2,0,
Y18,-2,0,-4,0,2,0,0,0,-2,-4,-2,-2,-2,-2,-2,0,0,-2,
Y19,0,2,0,0,2,0,0,-2,-2,-4,-4,-4,-4,-4,-2,-2,-2,-2,
Y20,-2,2,2,1,2,-2,-2,-3,-4,-4,-4,-4,-4,-4,-2,-2,0,-4,
Y21,-2,-2,0,0,0,-2,-3,-4,-4,-4,-5,-4,-4,-4,-2,-4,0,0,
Y22,-3,0,-2,-2,0,-2,-4,-4,-5,-4,-4,-2,-4,-4,-4,-2,-2,-2,
Y23,0,0,0,0,-2,-2,-4,-4,-4,-4,-2,-5,-2,-4,-4,-4,-2,-3,
Y24,-2,0,0,-2,0,-1,-4,-4,-5,-2,-2,-4,-4,-4,0,-2,0,-2,
Y25,-2,0,0,1,-1,0,-2,-4,-4,-4,-4,-4,-4,-3,-4,-2,0,-4,
Y26,2,1,0,1,0,0,0,-2,-4,-4,-2,-2,-2,0,0,-1,1,0,
Y27,0,1,2,0,0,0,0,-2,0,-2,0,-2,-2,0,0,0,0,0,
Y28,-2,1,-1,-2,2,-2,1,0,-4,-1,-2,0,-1,0,-2,-1,0,0,
Y29,-2,1,1,2,1,0,1,0,0,1,1,0,1,1,1,2,1,-2,
Y30,0,0,0,0,2,0,1,0,-2,0,-1,0,2,2,2,0,0,0,
Y31,0,2,1,1,1,2,1,1,1,0,0,1,0,2,0,0,1,-2,
Y32,2,2,1,-2,0,0,1,-1,-1,0,0,0,2,0,2,0,2,0,

,ID1,,ID2,,ID3,,ID4,,ID5,,ID6,,ID7,,ID8,,ID9,,ID10,,
Frame,X,Y,X,Y,X,Y,X,Y,X,Y,X,Y,X,Y,X,Y,X,Y,X,Y,
LINE_50,-,-,-,-,-,-,-,-,-,-,-,-,-,-,-,-,-,-,-,-,Gesture:,
RAWDATA_50,X1,X2,X3,X4,X5,X6,X7,X8,X9,X10,X11,X12,X13,X14,X15,X16,X17,X18,
Y1,,0,0,0,0,-2,0,2,,,0,0,1,2,2,0,0,,
Y2,-3,0,-2,-2,0,-2,-2,0,-2,2,0,0,0,0,-2,0,-2,-4,
Y3,-3,-4,0,-4,0,0,-2,0,0,-2,0,-2,0,0,-4,1,-2,-3,
Y4,0,0,-2,-2,0,-2,-2,0,2,0,-2,-4,0,0,-4,0,0,-3,
Y5,-2,-2,0,-4,-2,-2,0,-4,-4,0,0,-3,-2,-2,-2,-2,-2,-3,
Y6,-2,-2,-2,-2,0,0,0,-4,0,0,-2,-2,2,0,0,-2,0,-3,
Y7,-1,-2,-2,-4,-2,0,2,0,0,-2,0,0,0,0,0,0,-2,-3,
Y8,2,0,-4,0,-2,0,2,0,-2,0,0,2,0,-4,2,2,-2,-2,
Y9,0,-3,-2,-4,0,-2,0,-1,-2,0,0,-2,0,0,-2,-2,0,0,
Y10,-3,-3,0,0,1,2,-2,0,-2,-2,0,-2,0,0,-2,2,-2,0,
Y11,-2,-2,-2,0,0,-4,2,2,-2,2,2,-2,4,0,-2,0,-2,0,
Y12,-2,-2,0,0,-2,-2,-2,-2,-4,0,2,0,0,2,0,2,-2,0,
Y13,-2,0,-2,0,-2,-2,-2,-2,-2,-2,1,0,0,0,0,0,-2,-2,
Y14,-3,0,0,0,0,2,0,-2,-2,0,0,-2,0,2,0,1,0,-1,
Y15,-2,-2,-2,-2,0,1,2,0,0,0,2,0,0,2,1,-2,0,0,
Y16,-2,-2,0,-2,0,0,0,0,-2,0,-1,2,0,0,-2,0,-4,-2,
Y17,-2,-2,-2,2,0,-2,0,-2,-2,-2,-2,-2,-2,0,0,0,-2,0,
Y18,-2,0,-4,-2,2,-2,0,-2,-2,-4,-1,-2,-3,-2,-2,0,2,-2,
Y19,0,0,0,0,0,0,0,0,-2,-4,-4,-2,-4,-3,-2,-2,-4,-2,
Y20,-2,2,2,1,0,-2,-2,-3,-4,-4,-4,-4,-4,-4,-2,-3,0,-4,
Y21,0,-2,0,-2,0,-2,-2,-4,-4,-4,-2,-4,-5,-3,-4,-3,-2,-2,
Y22,-2,0,-2,-2,-2,-2,-3,-2,-4,-4,-4,-3,-5,-4,-4,-2,-2,-2,
Y23,0,0,0,0,-2,-3,-3,-4,-5,-2,-4,-4,-4,-4,-4,-4,-2,-2,
Y24,-2,0,0,-2,-2,0,-2,-2,-4,-4,-2,-2,-4,-4,-2,-2,0,-2,
Y25,-2,0,-2,0,-2,-2,-3,-3,-4,-4,-3,-3,-3,-2,-4,-2,0,-2,
Y26,2,0,0,2,0,0,0,-2,-3,-3,-1,-2,-2,-2,0,-1,1,0,
Y27,0,1,2,0,0,-2,0,-2,-2,-2,0,-2,-2,0,0,2,0,0,
Y28,-2,1,-1,-4,2,0,1,0,-2,-1,0,0,-1,0,-2,-1,0,1,
Y29,-2,1,0,2,0,-1,0,0,-2,1,0,-2,1,1,1,2,1,-4,
Y30,-2,0,0,0,0,-1,0,1,-4,0,-1,2,2,0,3,0,0,-2,
Y31,0,1,1,0,0,0,0,0,1,1,0,3,2,3,0,2,1,-2,
Y32,2,0,1,-4,0,2,2,1,-1,0,0,2,2,0,2,-2,2,0,

,ID1,,ID2,,ID3,,ID4,,ID5,,ID6,,ID7,,ID8,,ID9,,ID10,,
Frame,X,Y,X,Y,X,Y,X,Y,X,Y,X,Y,X,Y,X,Y,X,Y,X,Y,
LINE_51,-,-,-,-,-,-,-,-,-,-,-,-,-,-,-,-,-,-,-,-,Gesture:,
RAWDATA_51,X1,X2,X3,X4,X5,X6,X7,X8,X9,X10,X11,X12,X13,X14,X15,X16,X17,X18,
Y1,,0,0,0,0,2,0,0,,,0,-2,1,2,2,0,0,,
Y2,-3,0,-2,-4,-2,0,0,0,-2,0,0,-2,0,0,-2,0,-2,-4,
Y3,-2,-2,0,-3,2,0,-4,0,0,0,0,0,-2,0,-4,0,0,-2,
Y4,-2,0,0,-2,-2,-2,-2,0,0,0,-2,0,-2,0,-2,0,0,-2,
Y5,-2,0,0,-3,-2,0,2,0,-2,-2,2,-2,-1,0,0,0,0,-2,
Y6,-2,0,-2,-4,0,0,0,0,2,0,0,-2,0,2,0,0,-2,-2,
Y7,-2,-3,-2,-2,-2,0,2,0,0,-2,0,0,2,0,0,0,-4,-3,
Y8,0,0,-2,0,-2,0,0,-2,-2,2,0,2,2,-4,2,0,-2,-2,
Y9,-2,-3,-2,-2,-2,0,-2,-2,-2,0,2,0,0,0,-2,-2,0,0,
Y10,-2,-3,0,2,0,0,-2,0,-2,0,2,0,0,2,-2,0,-1,0,
Y11,-2,-2,-2,0,0,-2,2,0,-2,2,2,0,2,2,-2,0,0,0,
Y12,-2,-2,0,0,0,-4,-2,-2,-2,0,4,0,2,0,-2,2,-2,0,
Y13,-4,-2,-2,2,0,-2,0,1,-2,-2,0,0,0,-2,0,0,-2,-2,
Y14,-4,-2,0,0,0,2,0,0,0,0,0,0,0,2,0,1,0,0,
Y15,-4,-2,0,-2,0,1,2,0,0,0,2,2,0,2,1,0,-2,0,
Y16,-2,-2,-2,-2,0,0,0,-2,-2,0,-1,2,2,-2,-2,0,-2,0,
Y17,-4,-2,-2,2,0,-2,0,0,-2,0,0,-2,-2,0,-2,0,0,0,
Y18,-2,0,-2,0,2,-2,2,0,0,-3,0,-2,-3,-2,-2,0,0,-3,
Y19,-2,2,0,0,0,0,0,0,-2,-2,-3,-2,-3,-3,-2,-2,-4,-2,
Y20,-2,2,0,1,0,-2,-2,-2,-3,-2,-3,-2,-2,-3,0,-2,-1,-3,
Y21,0,-2,0,0,-2,-2,-1,-2,-2,-1,-2,-2,-2,-4,-2,-3,-2,-2,
Y22,-1,0,-2,0,-2,-2,-4,-4,-3,-3,-2,-2,-2,-4,-4,-2,-4,-2,
Y23,0,0,0,0,-2,-3,-5,-4,-2,-3,-3,-2,-3,-2,-4,-4,-2,-2,
Y24,-2,0,0,-2,-2,0,-4,-2,-2,-4,-2,-1,-2,-3,0,-2,0,-2,
Y25,-2,0,-2,0,-2,-2,-3,-3,-4,-4,-3,-3,-3,-2,-2,-1,0,-2,
Y26,2,1,0,1,0,-2,0,-2,-3,-2,-2,-2,0,-1,0,0,0,0,
Y27,2,1,2,0,2,-2,-2,-2,-2,-2,0,-1,0,0,0,2,1,0,
Y28,-2,1,-1,-2,0,0,1,0,-2,-1,0,0,0,0,0,0,2,1,
Y29,-4,1,0,2,0,0,0,0,2,1,0,0,0,1,1,-2,1,-4,
Y30,-2,0,0,-2,1,-1,1,0,-2,0,0,2,2,0,2,0,2,-2,
Y31,-2,0,1,1,1,0,1,1,1,-1,0,3,2,3,0,2,0,0,
Y32,2,1,1,-4,0,0,0,1,0,0,2,2,4,0,3,2,2,0,

,ID1,,ID2,,ID3,,ID4,,ID5,,ID6,,ID7,,ID8,,ID9,,ID10,,
Frame,X,Y,X,Y,X,Y,X,Y,X,Y,X,Y,X,Y,X,Y,X,Y,X,Y,
LINE_52,-,-,-,-,-,-,-,-,-,-,-,-,-,-,-,-,-,-,-,-,Gesture:,
RAWDATA_52,X1,X2,X3,X4,X5,X6,X7,X8,X9,X10,X11,X12,X13,X14,X15,X16,X17,X18,
Y1,,0,0,0,0,0,2,-2,,,2,0,1,2,2,2,0,,
Y2,-3,0,-2,-4,0,0,0,-2,-2,0,0,0,0,0,0,0,0,-2,
Y3,-2,-2,2,-1,2,0,-2,0,-2,-4,0,0,-2,0,-2,0,-2,-3,
Y4,-2,-2,0,-2,-2,-2,-2,0,-2,0,-4,4,0,-2,0,0,0,-2,
Y5,-2,-2,0,-2,-4,-2,0,-4,-3,0,2,-1,-2,0,0,0,0,-3,
Y6,-2,-2,0,-3,-2,0,-2,-4,0,0,-2,-2,0,0,0,2,0,-2,
Y7,-3,-3,0,0,0,0,0,-2,-2,-2,0,2,0,-2,0,2,-2,-2,
Y8,-2,-2,-2,0,0,0,0,0,-2,0,0,2,0,-2,2,2,-4,-2,
Y9,-1,-3,0,0,-2,-2,-2,-2,-2,-2,0,0,0,0,-2,0,0,0,
Y10,-2,-3,-2,0,1,0,-2,0,-2,-2,2,0,-2,0,-2,0,-1,-2,
Y11,-2,0,-2,0,-2,-4,2,-2,-2,0,2,-2,1,2,-4,0,-2,0,
Y12,-2,-2,0,0,0,-2,0,-2,-3,0,2,2,2,-2,-2,4,-2,0,
Y13,-4,-2,-2,0,0,-2,0,0,-2,0,-1,0,0,-2,0,0,-4,-2,
Y14,-3,-2,0,0,-2,0,2,0,-2,0,0,0,0,2,0,0,2,-2,
Y15,-2,2,0,0,-2,0,0,0,0,-2,2,0,0,2,1,0,-2,-2,
Y16,-2,-2,0,0,-2,2,0,-2,-2,0,0,0,2,-2,-2,0,0,0,
Y17,-2,-2,0,0,2,-2,0,-2,-2,-2,0,-2,-2,0,-2,0,0,0,
Y18,-4,0,-2,2,2,-2,0,-2,0,-3,-2,-2,-3,-2,-2,0,0,-3,
Y19,-2,0,0,-2,0,-2,0,-2,-4,-2,-4,-3,-2,-3,-2,0,-2,-4,
Y20,-3,2,0,0,0,-2,0,-2,-3,-2,-4,-3,-1,-3,0,0,0,-3,
Y21,0,-2,0,0,-2,-3,-4,-4,-4,-2,-1,-3,-2,-2,-4,-2,-2,-4,
Y22,-2,0,0,0,-2,-2,-5,-4,-4,-3,-2,-2,-2,-3,-3,-2,-4,-2,
Y23,-2,1,0,0,-4,-3,-4,-5,-2,-3,-3,-2,-3,-2,-2,-2,-2,-2,
Y24,-2,2,0,0,-2,0,-2,-3,-1,-3,-2,-2,-2,-2,-2,0,2,-1,
Y25,0,2,0,0,-2,-2,-2,-3,-3,-3,-3,-3,-3,-3,-2,-1,2,-2,
Y26,0,2,0,1,0,0,0,-2,-3,-2,-3,-2,-2,0,-2,2,2,-2,
Y27,0,2,4,0,0,-4,-2,-2,0,-2,0,-2,-2,0,-2,0,2,0,
Y28,-2,1,-1,-2,-2,-2,1,0,0,-1,0,0,0,0,0,2,2,1,
Y29,-4,1,0,2,0,-1,-2,-2,0,0,0,2,0,1,1,0,1,-2,
Y30,-2,0,0,-2,1,0,1,1,-1,0,0,4,2,-2,1,2,0,-2,
Y31,0,1,1,1,1,-2,1,0,0,-1,0,3,2,2,0,0,1,0,
Y32,0,1,0,-2,0,0,0,0,-2,0,2,0,3,0,3,2,2,0,

,ID1,,ID2,,ID3,,ID4,,ID5,,ID6,,ID7,,ID8,,ID9,,ID10,,
Frame,X,Y,X,Y,X,Y,X,Y,X,Y,X,Y,X,Y,X,Y,X,Y,X,Y,
LINE_53,-,-,-,-,-,-,-,-,-,-,-,-,-,-,-,-,-,-,-,-,Gesture:,
RAWDATA_53,X1,X2,X3,X4,X5,X6,X7,X8,X9,X10,X11,X12,X13,X14,X15,X16,X17,X18,
Y1,,0,-2,-2,-2,0,0,-2,,,0,0,1,0,2,0,0,,
Y2,-2,0,-4,-3,-2,-2,0,-2,-4,2,0,-2,0,-2,0,0,-2,-3,
Y3,-3,-2,0,-2,0,0,-4,-2,-2,-2,0,-4,-4,0,-2,0,0,-3,
Y4,-3,-2,-2,-2,-4,-2,-4,-2,-2,0,-2,2,0,-2,2,0,0,0,
Y5,-2,-2,-2,-2,-2,-4,-2,0,-3,-2,2,-2,-1,0,0,-2,0,-2,
Y6,-2,-2,-2,-2,0,0,-4,-2,-2,0,0,-3,0,0,0,0,-2,-3,
Y7,-4,-3,0,0,-2,-2,0,-2,-2,-1,0,2,0,0,2,2,-2,-2,
Y8,-4,-4,-3,0,-2,0,0,-2,0,2,0,0,2,-2,2,2,-4,-2,
Y9,-3,-4,-2,0,0,-4,-2,-2,-4,0,0,-2,0,0,0,-2,0,0,
Y10,-5,-4,-4,0,0,-2,-2,-2,-2,0,0,-2,-2,0,-1,0,-2,-2,
Y11,-3,-6,-4,-2,-2,-2,2,-2,-2,0,0,-2,1,2,-2,-2,-2,0,
Y12,-2,-4,0,0,0,-4,-2,-4,-4,0,0,-2,2,0,-2,2,-2,0,
Y13,-4,-3,-4,0,-2,-4,-2,-2,-2,0,-1,0,-2,-2,0,0,-4,-2,
Y14,-5,-2,0,0,0,0,0,-2,-2,2,0,-2,0,2,0,0,2,0,
Y15,-3,0,-2,-2,-4,0,-2,0,-2,-2,0,-2,0,0,0,0,-2,0,
Y16,-2,-2,0,-2,-4,0,0,-2,-4,2,-2,0,0,-2,-2,0,0,0,
Y17,-4,-3,-4,2,2,-4,-2,-2,-2,-2,-2,-4,-2,0,-2,0,0,0,
Y18,-4,0,-3,0,0,-4,-2,-2,0,-2,-2,-2,-2,-2,-4,-2,0,-1,
Y19,-6,-2,-2,0,-2,-2,-4,-4,-4,-2,-3,-3,-2,-3,-2,-2,-1,-1,
Y20,-3,0,-2,-2,0,-2,-2,-2,-4,-2,-3,-3,-1,-3,0,0,0,0,
Y21,-2,-4,-4,0,-2,-3,-1,-4,-4,-1,-2,-3,-2,0,-4,-2,-2,-2,
Y22,-3,0,-4,-2,0,-3,-2,-4,-4,-2,-2,-3,-2,-4,-3,-2,-2,0,
Y23,-2,0,0,-2,-4,-3,-4,-4,-4,-2,-3,-2,-3,-3,-2,-2,-2,-2,
Y24,-4,0,0,-2,0,-2,-2,-4,-2,-2,-2,-2,-2,-3,0,-2,0,-2,
Y25,-2,-2,-2,0,-3,-4,-3,-4,-4,-2,-3,-3,-3,-3,-2,-1,2,-2,
Y26,-4,0,-2,0,-2,-2,0,-4,-4,-1,-2,-2,-4,0,0,2,2,-2,
Y27,0,0,1,0,-2,-4,-2,-2,-2,0,0,-1,0,0,0,-2,1,-2,
Y28,-4,1,-1,-2,0,-2,-1,-2,-2,-1,0,0,0,0,0,2,2,1,
Y29,-3,0,-1,0,-1,-2,-4,-2,0,0,0,0,-1,0,1,-2,1,-1,
Y30,-2,0,0,-2,1,0,0,0,0,2,0,1,0,-2,1,2,0,0,
Y31,0,0,1,0,0,-4,0,0,0,-1,0,1,0,1,0,0,1,0,
Y32,0,1,0,-2,-2,0,0,0,-2,0,2,-2,1,0,2,2,2,0,

,ID1,,ID2,,ID3,,ID4,,ID5,,ID6,,ID7,,ID8,,ID9,,ID10,,
Frame,X,Y,X,Y,X,Y,X,Y,X,Y,X,Y,X,Y,X,Y,X,Y,X,Y,
LINE_54,-,-,-,-,-,-,-,-,-,-,-,-,-,-,-,-,-,-,-,-,Gesture:,
RAWDATA_54,X1,X2,X3,X4,X5,X6,X7,X8,X9,X10,X11,X12,X13,X14,X15,X16,X17,X18,
Y1,,-2,0,-2,-4,0,0,-2,,,0,0,2,2,2,2,0,,
Y2,-3,-2,-4,-3,-2,-2,-2,-2,-4,2,0,-2,0,0,0,0,-2,-3,
Y3,-3,-2,0,-2,-2,-2,-3,-3,0,0,0,-2,-2,2,-1,2,2,-2,
Y4,-3,-2,-2,-2,-2,-2,-4,-2,-2,-2,-2,2,2,0,2,0,2,0,
Y5,-2,-2,-2,-2,-2,-2,-2,2,-2,-2,2,-2,-1,2,0,-2,-2,-2,
Y6,-1,0,-2,-3,-2,-2,-4,-2,-2,0,0,-1,2,0,0,0,0,-2,
Y7,-2,-4,-2,0,-4,-2,0,-4,-2,0,0,2,0,0,2,2,-2,-2,
Y8,-2,-4,-3,0,-2,-2,2,-2,0,-2,0,2,0,-2,2,4,-2,-2,
Y9,-1,-2,-4,-4,0,-2,-2,-3,-3,0,0,0,0,2,0,0,0,-2,
Y10,-3,-2,-4,-2,0,-2,-2,-2,-4,0,0,0,0,0,-1,0,-1,-2,
Y11,-4,-4,-3,-2,-2,-2,0,0,-2,0,2,0,1,2,-2,-2,0,-2,
Y12,-2,-3,0,0,-2,-4,0,-4,-2,0,2,-2,2,0,-2,1,0,0,
Y13,-3,-2,-2,0,-2,-4,-2,-2,-4,0,0,2,0,0,0,0,-2,-2,
Y14,-2,-2,-2,0,-2,0,0,0,-2,2,2,0,0,4,2,2,2,0,
Y15,-3,0,-2,-2,-4,0,-2,0,-2,0,0,-2,2,2,0,0,-2,-2,
Y16,-2,-2,-2,-2,-2,0,0,-4,-2,0,-1,0,0,-2,-2,0,-2,0,
Y17,-4,-3,-4,0,0,-4,-2,-2,-2,-2,0,-1,0,0,0,0,0,-2,
Y18,-3,0,-3,0,0,-4,-2,-2,-2,-2,-2,-2,-2,-2,-2,0,2,-1,
Y19,0,-2,0,2,-2,0,-2,-2,-3,-2,-2,-2,-2,-2,-2,-2,-1,-2,
Y20,0,-2,-2,0,0,-2,-4,-2,-4,-2,-2,-3,1,-2,0,0,2,-2,
Y21,0,-6,-2,0,0,-3,-1,-4,-3,-1,-2,-3,0,0,-3,-2,-2,-2,
Y22,-1,-2,-4,0,0,-3,-2,-4,-3,-2,-2,-3,0,-2,-3,-2,-3,0,
Y23,-2,-2,-2,-2,-4,-3,-4,-2,-2,-2,-2,-2,-1,-2,-3,-1,-2,-3,
Y24,-2,0,-2,-2,0,-2,-4,-2,-1,-2,-2,-3,-2,-3,-2,-2,0,-2,
Y25,-2,-2,-2,0,-3,-4,-3,-3,-2,-2,-3,-3,-2,-3,-2,-1,0,0,
Y26,0,0,-2,1,-2,-2,0,-4,-3,-1,-3,-2,-2,0,2,0,2,-2,
Y27,-2,0,0,0,-2,-4,-4,-4,-4,0,0,-1,0,0,-2,-2,1,0,
Y28,-4,0,-2,-2,0,-4,-1,0,-2,-1,0,0,0,0,0,2,0,0,
Y29,-4,0,0,0,-1,-2,-2,-2,0,0,0,2,0,2,2,-2,1,-1,
Y30,-4,-2,0,-2,1,0,0,1,-1,0,0,1,2,2,3,2,0,0,
Y31,0,0,0,0,0,-2,0,0,2,-1,0,2,0,0,2,0,1,2,
Y32,0,1,0,-2,0,-2,0,0,-2,0,2,0,2,0,2,0,2,0,

,ID1,,ID2,,ID3,,ID4,,ID5,,ID6,,ID7,,ID8,,ID9,,ID10,,
Frame,X,Y,X,Y,X,Y,X,Y,X,Y,X,Y,X,Y,X,Y,X,Y,X,Y,
LINE_55,-,-,-,-,-,-,-,-,-,-,-,-,-,-,-,-,-,-,-,-,Gesture:,
RAWDATA_55,X1,X2,X3,X4,X5,X6,X7,X8,X9,X10,X11,X12,X13,X14,X15,X16,X17,X18,
Y1,,-2,-2,-2,-2,-2,2,-2,,,0,0,2,0,2,2,0,,
Y2,-2,-2,-3,-2,-4,-2,-2,-4,-3,0,0,0,2,-2,0,0,-2,-3,
Y3,-2,-4,0,-2,-4,-2,-3,-3,0,0,2,-2,-2,0,-1,0,2,-1,
Y4,-2,-2,0,-2,-2,-2,-3,-2,-2,0,-2,2,0,0,2,0,2,-1,
Y5,-2,-2,-4,-2,-3,-4,0,-2,-2,-2,2,-1,-1,0,0,-2,-2,-2,
Y6,-2,-2,-2,-3,0,-2,-4,-3,-2,0,0,-1,2,0,0,0,-2,-3,
Y7,-2,-2,-2,-2,-4,-2,-2,-2,-2,-2,0,2,2,2,2,2,-2,-2,
Y8,-2,-2,-4,-2,-2,-2,0,-2,-2,-2,0,2,0,-2,2,2,-1,-2,
Y9,-2,-2,-4,-4,0,-2,-4,-2,-3,0,2,0,2,2,0,0,0,-2,
Y10,-4,-4,-4,0,0,-2,-2,0,-4,0,0,0,0,0,-1,0,-1,0,
Y11,-3,-2,-2,-2,-2,-3,0,0,-4,0,2,-2,1,2,-2,0,0,-2,
Y12,-2,-2,0,0,-2,-3,-2,-3,-3,0,2,-2,0,-2,0,2,-2,0,
Y13,-3,-2,-6,0,-2,-4,0,0,-6,0,0,2,0,0,0,0,-1,0,
Y14,-2,-4,0,0,-2,0,0,0,-2,2,0,0,0,2,2,2,2,-2,
Y15,-3,0,-4,-2,-2,-1,-2,0,-4,0,0,-2,2,2,0,0,0,-2,
Y16,-2,-2,-2,-2,0,0,0,-2,-4,0,-1,0,2,-2,-2,0,0,0,
Y17,-3,-3,-2,0,0,-3,-2,-2,-4,-2,0,-2,2,0,0,-2,-2,0,
Y18,-3,0,-3,-2,0,-4,-2,-2,-4,-2,-2,-2,-2,-2,-2,0,2,-1,
Y19,0,-2,0,0,0,0,-2,-2,-3,-3,-3,-2,-2,-3,-2,-2,-1,0,
Y20,-2,0,-2,0,0,-2,-4,-2,-3,-1,-2,-2,0,-2,-2,0,0,-3,
Y21,-2,-2,-2,0,0,-3,-2,-2,-2,-1,-3,-2,0,-3,-3,-2,-2,-2,
Y22,-2,-2,-3,-2,-2,-3,-3,-3,-3,-2,-3,-2,-1,-3,-3,-4,-3,-2,
Y23,-2,0,-2,-4,-2,-3,-2,-2,-2,-2,-2,-3,-2,-2,-2,0,-3,-3,
Y24,-2,0,0,-4,-2,-2,-3,-3,-1,-3,-1,-3,-1,-3,-4,-2,0,-2,
Y25,-2,-2,-2,0,-3,-2,-3,-3,-2,-2,-2,-3,-2,-2,0,-1,0,-2,
Y26,0,0,-2,1,-2,-2,0,-4,-3,-2,-2,-4,0,0,0,0,2,0,
Y27,-2,0,-2,-2,-2,-3,-4,-4,-4,0,2,-2,2,0,-2,-2,0,0,
Y28,-3,-2,-3,-4,0,-4,-1,-2,-4,-2,-2,0,-2,0,0,0,2,1,
Y29,-2,-1,0,-2,0,-2,-3,-2,0,0,0,2,0,2,2,2,1,0,
Y30,-4,-2,-2,0,-1,0,0,0,-1,0,0,3,2,2,2,2,-2,-2,
Y31,-2,0,0,0,-2,-1,0,0,-2,0,0,2,2,0,2,2,0,2,
Y32,0,0,0,-2,-2,-2,0,-2,-4,0,2,0,1,0,1,0,0,0,

,ID1,,ID2,,ID3,,ID4,,ID5,,ID6,,ID7,,ID8,,ID9,,ID10,,
Frame,X,Y,X,Y,X,Y,X,Y,X,Y,X,Y,X,Y,X,Y,X,Y,X,Y,
LINE_56,-,-,-,-,-,-,-,-,-,-,-,-,-,-,-,-,-,-,-,-,Gesture:,
RAWDATA_56,X1,X2,X3,X4,X5,X6,X7,X8,X9,X10,X11,X12,X13,X14,X15,X16,X17,X18,
Y1,,-2,-2,0,0,0,0,-2,,,0,2,3,2,2,2,0,,
Y2,-2,-4,-3,0,-2,-2,-2,-2,-2,2,0,0,0,0,0,0,-2,-2,
Y3,-2,-3,0,-2,-4,-2,-2,-3,-2,0,0,-2,0,0,0,0,0,0,
Y4,-1,-2,0,-2,-2,-2,-2,-2,-2,0,-2,2,0,0,4,0,2,0,
Y5,-2,-4,-2,-2,-3,-2,-2,-4,-2,0,2,-1,0,0,0,-1,0,-2,
Y6,-1,-4,-2,-3,-2,-2,-2,-2,0,2,0,-1,2,-2,0,-2,-2,-2,
Y7,-1,-3,-4,0,-3,-2,-2,0,-2,0,0,2,2,2,2,2,-2,-2,
Y8,-2,-2,-2,0,-2,-2,0,-2,-2,-2,2,2,0,-2,2,2,-2,-2,
Y9,-2,-2,-2,-2,-2,-2,-2,-2,-2,0,0,0,2,2,0,0,-2,-2,
Y10,-2,-2,-2,0,0,0,-2,0,-4,-2,0,0,0,0,-1,0,-1,0,
Y11,-2,-2,-2,-2,0,-2,0,0,-2,0,4,0,1,2,-2,0,0,-2,
Y12,-2,-2,-2,0,-2,-1,-4,-2,-3,0,2,0,2,0,-2,2,-2,0,
Y13,-2,-3,-3,0,-4,-3,-2,-2,-2,0,0,2,0,-2,2,0,0,0,
Y14,-3,-4,0,0,-2,0,0,0,-2,2,0,0,0,2,2,0,0,-2,
Y15,-2,0,-4,-2,-3,0,-2,0,-2,0,0,0,2,2,1,0,0,2,
Y16,-2,-2,-4,0,-2,0,-2,-2,-4,0,-1,0,0,0,0,0,0,0,
Y17,-2,-3,-2,0,0,-3,-2,-2,-4,-2,0,-2,0,0,0,-2,0,0,
Y18,-2,2,-1,-2,0,-2,-2,-2,-4,-2,-2,-2,-3,-2,0,0,2,-1,
Y19,2,0,0,-2,-2,0,-2,-2,-3,-1,-3,-2,0,-2,-2,0,-1,-2,
Y20,0,0,-2,-2,2,0,-4,-3,-2,-2,0,-1,0,-2,0,0,0,-2,
Y21,-2,0,0,-2,-2,-2,-3,-2,-2,0,0,-1,0,-2,-3,-2,-2,-2,
Y22,-2,-2,-3,-2,-2,-2,-2,-3,-2,-2,-3,-2,0,-2,-3,-2,-3,-2,
Y23,-2,-2,0,-2,-2,-2,-1,-2,-2,-2,-2,-3,-2,-2,0,2,-2,-2,
Y24,-2,-2,0,-2,-4,0,-3,-3,-1,-3,-2,-2,-2,-3,-2,-2,0,-2,
Y25,0,-2,-2,2,-1,0,-3,-2,-2,-2,-2,-3,-3,-2,2,-1,2,-2,
Y26,-2,2,-2,1,0,-2,0,-3,-2,-2,-2,0,0,0,0,0,2,0,
Y27,-2,0,0,-2,-2,-2,-4,-2,-2,0,2,-1,0,0,-2,0,2,0,
Y28,-3,-2,0,-4,0,-2,0,-2,-4,-1,-2,2,-2,0,0,0,2,0,
Y29,-3,0,0,-2,0,0,-1,-2,0,2,0,0,-1,2,2,2,1,-1,
Y30,-2,-2,-2,0,0,0,2,0,-1,2,0,2,2,2,2,0,0,-2,
Y31,0,0,0,0,0,-1,2,0,0,0,2,0,2,2,2,2,2,0,
Y32,0,0,0,-2,-2,-2,0,0,-1,0,4,0,1,0,2,2,2,0,

,ID1,,ID2,,ID3,,ID4,,ID5,,ID6,,ID7,,ID8,,ID9,,ID10,,
Frame,X,Y,X,Y,X,Y,X,Y,X,Y,X,Y,X,Y,X,Y,X,Y,X,Y,
LINE_57,-,-,-,-,-,-,-,-,-,-,-,-,-,-,-,-,-,-,-,-,Gesture:,
RAWDATA_57,X1,X2,X3,X4,X5,X6,X7,X8,X9,X10,X11,X12,X13,X14,X15,X16,X17,X18,
Y1,,0,0,-2,0,0,-2,-2,,,2,0,1,0,0,2,2,,
Y2,0,0,-2,-2,-2,-2,-4,0,-1,0,2,-2,0,-2,0,2,0,-1,
Y3,0,-2,0,-2,-3,-2,-3,-2,-2,0,0,0,0,-2,0,0,0,-1,
Y4,0,0,-2,-2,-2,0,-3,-2,0,0,-2,0,-2,0,2,0,0,0,
Y5,0,-4,-2,-2,-2,-3,-2,-3,-2,0,0,-1,0,0,0,-1,0,-1,
Y6,0,-2,-2,-3,0,-2,-2,-2,0,2,0,-1,2,-2,0,-2,0,-2,
Y7,1,-2,-2,-2,-3,-2,0,0,-4,-2,0,2,2,0,0,0,-2,-2,
Y8,-2,-2,-2,-2,-4,-2,0,-2,-2,0,0,2,0,-2,2,0,-2,-2,
Y9,-2,-2,-2,-4,-2,-2,-2,-3,-2,0,2,-2,2,0,0,0,-2,-2,
Y10,-2,-1,-3,-2,0,0,-4,0,-2,-2,2,-2,0,0,-2,0,-1,-2,
Y11,-2,0,-3,-2,0,-2,-2,0,-4,0,2,0,1,2,-2,2,0,-2,
Y12,0,-1,0,0,-2,-1,-4,-2,-1,2,0,0,0,-2,-2,2,0,0,
Y13,-2,0,-2,-2,-4,-2,-2,-2,0,0,2,0,0,0,0,0,0,0,
Y14,-2,-3,0,-2,-2,-2,-2,0,-2,2,-2,-2,0,2,2,2,0,-2,
Y15,-2,-2,-3,0,-3,0,-2,0,-2,0,0,-2,2,0,0,0,-2,0,
Y16,-2,-2,-2,0,-4,0,0,-2,-2,0,0,0,0,0,-2,0,-2,0,
Y17,-1,-3,-2,-2,-2,-3,-2,-4,-2,-2,-2,0,0,0,-2,-2,-2,0,
Y18,-1,0,-2,-2,2,-3,-2,-2,-2,-2,-3,-4,-3,-2,-2,0,0,-1,
Y19,2,0,0,-2,-4,0,-2,-2,-3,-1,-3,-3,-1,-2,-2,0,-1,0,
Y20,1,0,0,0,2,-2,-3,-2,-3,0,-2,-2,2,-3,-2,0,0,-1,
Y21,-2,2,0,-2,-2,-3,-2,-2,-2,-2,-1,-3,0,-2,-4,-2,-2,0,
Y22,-1,0,-1,-2,-2,-2,-2,-3,-2,-1,-3,-3,-2,-3,-3,-2,-2,-2,
Y23,0,2,0,-4,-2,0,-2,-2,-2,-2,-3,-3,-2,-2,-2,0,-1,0,
Y24,-2,0,0,-2,-2,0,-3,-2,-1,-3,-1,-2,-2,-3,0,-2,0,0,
Y25,0,0,0,0,-1,-2,-3,-2,-3,-2,-2,-3,-3,-2,-2,0,0,-2,
Y26,-2,2,0,1,0,-2,0,-3,-2,0,-2,-2,-2,-2,0,0,2,0,
Y27,0,0,2,-2,0,-2,-3,-2,-2,-2,0,-1,0,0,0,0,2,0,
Y28,-1,0,0,-2,0,-2,0,-2,-3,-1,0,0,-2,0,0,-2,2,0,
Y29,0,0,2,0,0,0,-1,0,0,2,0,0,0,2,1,2,1,-1,
Y30,0,0,-2,-2,1,0,2,0,-1,0,0,1,1,2,1,0,0,-2,
Y31,0,2,0,-2,0,-1,0,0,0,0,0,-1,0,0,-2,2,2,0,
Y32,2,0,0,-2,0,-2,0,0,-1,2,2,0,2,0,0,0,2,0,

,ID1,,ID2,,ID3,,ID4,,ID5,,ID6,,ID7,,ID8,,ID9,,ID10,,
Frame,X,Y,X,Y,X,Y,X,Y,X,Y,X,Y,X,Y,X,Y,X,Y,X,Y,
LINE_58,-,-,-,-,-,-,-,-,-,-,-,-,-,-,-,-,-,-,-,-,Gesture:,
RAWDATA_58,X1,X2,X3,X4,X5,X6,X7,X8,X9,X10,X11,X12,X13,X14,X15,X16,X17,X18,
Y1,,-2,0,0,0,2,2,0,,,2,0,0,2,2,4,2,,
Y2,1,0,-1,0,-2,0,-2,2,0,2,2,2,0,-2,0,2,0,0,
Y3,1,-2,2,-1,-1,0,-1,0,0,-2,2,0,-2,0,0,0,2,-1,
Y4,0,0,-2,0,0,0,-3,0,0,0,0,0,-2,2,2,0,2,2,
Y5,0,-1,0,-1,-1,-2,-2,-1,-1,0,0,0,0,0,0,-1,0,0,
Y6,2,0,0,-1,2,0,0,0,2,0,0,0,2,0,0,0,0,-1,
Y7,1,0,0,-2,-1,0,0,0,-2,0,0,2,2,0,0,2,-2,0,
Y8,0,0,0,-2,-2,0,0,-2,0,-2,-2,2,2,-1,2,2,-1,0,
Y9,0,0,0,-1,0,0,0,-1,0,0,2,0,2,0,0,0,-2,0,
Y10,0,0,-1,0,0,2,-2,0,-1,0,2,0,2,0,-1,2,-1,0,
Y11,0,0,-1,-2,-2,-1,2,0,0,0,2,0,2,4,-2,2,0,-2,
Y12,0,0,0,0,-2,0,-4,-1,1,2,0,2,2,0,-2,2,2,0,
Y13,0,-1,-1,2,-2,-2,-2,0,0,0,4,0,0,0,0,0,0,0,
Y14,0,0,0,0,0,0,0,0,-2,2,-2,0,0,2,0,2,0,-2,
Y15,-1,-2,-1,-2,-1,0,0,0,0,0,0,-2,2,0,2,0,0,2,
Y16,0,0,0,0,-2,2,0,-4,-2,0,0,0,0,0,-2,-2,-2,0,
Y17,0,-1,-2,0,-2,-2,-2,-2,0,-2,-2,0,0,0,-2,0,-2,0,
Y18,-1,2,0,0,2,-2,-2,-2,-2,-2,-2,-2,-2,-2,-2,0,0,0,
Y19,0,0,0,-2,-2,0,-2,-4,-3,-1,-3,-2,-2,-3,0,0,-1,0,
Y20,2,0,0,0,0,-2,-2,-2,-2,-3,-2,-2,0,-4,-4,0,0,-2,
Y21,0,0,-2,0,0,-3,-2,-1,-2,-2,-3,-4,-2,-2,-2,0,-2,-2,
Y22,-2,2,-1,0,0,0,-2,-3,-2,-1,-2,-3,-2,-3,-2,0,-2,0,
Y23,0,2,2,-4,-2,0,-2,-2,-2,-2,-2,-3,-2,-3,-1,-2,-2,-1,
Y24,-2,0,-2,0,-2,-2,-2,-2,-1,-3,-2,-2,-2,-3,-2,-2,0,0,
Y25,2,0,-2,0,-1,-2,-2,-3,-3,-2,-2,-2,-3,-2,-2,-2,0,-2,
Y26,0,0,2,1,-2,0,0,-2,-4,-4,-3,-2,-2,-2,-2,0,2,0,
Y27,0,0,0,-2,0,-1,-2,-2,-4,-4,0,-3,-2,0,-2,0,1,0,
Y28,1,0,-1,-2,0,-2,0,-2,-3,-2,-4,0,-4,-2,0,0,0,2,
Y29,0,2,2,0,0,-2,-2,-2,0,0,0,0,-2,0,1,2,1,-1,
Y30,0,0,-2,0,0,0,0,0,-1,0,0,1,0,2,1,-2,0,-2,
Y31,0,0,0,-2,0,-1,2,0,2,0,0,-1,0,0,-2,0,1,0,
Y32,2,0,2,-2,0,-2,2,0,-1,2,0,0,1,-2,0,0,0,0,

