"No.","Time","Source","Destination","Protocol","Length","HID Data","Info"
"553","7.557809","host","1.40.1","USB","91","40f10000000000000000000000000000000000000000000000000000000000000000000000000000000000000000000000000000000000000000000000000000","URB_INTERRUPT out"
"555","7.760546","host","1.40.1","USB","91","40f10000000000000000000000000000000000000000000000000000000000000000000000000000000000000000000000000000000000000000000000000000","URB_INTERRUPT out"
"557","7.984716","host","1.40.1","USB","91","40f20000000000000000000000000000000000000000000000000000000000000000000000000000000000000000000000000000000000000000000000000000","URB_INTERRUPT out"
"561","8.186477","host","1.40.1","USB","91","40f20000000000000000000000000000000000000000000000000000000000000000000000000000000000000000000000000000000000000000000000000000","URB_INTERRUPT out"
"563","8.389096","host","1.40.1","USB","91","40f00100000000000000000000000000000000000000000000000000000000000000000000000000000000000000000000000000000000000000000000000000","URB_INTERRUPT out"
"565","8.389870","host","1.40.1","USB","91","40f30205010000000000000000000000000000000000000000000000000000000000000000000000000000000000000000000000000000000000000000000000","URB_INTERRUPT out"
"567","8.390860","host","1.40.1","USB","91","40f30204000000000000000000000000000000000000000000000000000000000000000000000000000000000000000000000000000000000000000000000000","URB_INTERRUPT out"
"569","8.391886","host","1.40.1","USB","91","40f30203000000000000000000000000000000000000000000000000000000000000000000000000000000000000000000000000000000000000000000000000","URB_INTERRUPT out"
"571","8.392809","host","1.40.1","USB","91","40f80300000000000015180000000000000000000000000000000000000000000000000000000000000000000000000000000000000000000000000000000000","URB_INTERRUPT out"
"573","8.393865","host","1.40.1","USB","91","40fc0300000000000000000000000000000000000000000000000000000000000000000000000000000000000000000000000000000000000000000000000000","URB_INTERRUPT out"
"575","8.394873","host","1.40.1","USB","91","40fc0400000000000000000000000000000000000000000000000000000000000000000000000000000000000000000000000000000000000000000000000000","URB_INTERRUPT out"
"577","8.397277","host","1.40.1","USB","91","40e1d001000000000000000000000000000000000000000000000000000000000000000000000000000000000000000000000000000000000000000000000000","URB_INTERRUPT out"
"579","8.502682","host","1.40.1","USB","91","40e1d001000000000000000000000000000000000000000000000000000000000000000000000000000000000000000000000000000000000000000000000000","URB_INTERRUPT out"
"581","8.608973","host","1.40.1","USB","91","40e1d001000000000000000000000000000000000000000000000000000000000000000000000000000000000000000000000000000000000000000000000000","URB_INTERRUPT out"
"595","9.476591","host","1.40.1","USB","91","40f10000000000000000000000000000000000000000000000000000000000000000000000000000000000000000000000000000000000000000000000000000","URB_INTERRUPT out"
"599","9.551909","host","1.40.1","USB","91","40f20000000000000000000000000000000000000000000000000000000000000000000000000000000000000000000000000000000000000000000000000000","URB_INTERRUPT out"
"603","9.553833","host","1.40.1","USB","91","40f00100000000000000000000000000000000000000000000000000000000000000000000000000000000000000000000000000000000000000000000000000","URB_INTERRUPT out"
"605","9.554913","host","1.40.1","USB","91","40f30205010000000000000000000000000000000000000000000000000000000000000000000000000000000000000000000000000000000000000000000000","URB_INTERRUPT out"
"607","9.555875","host","1.40.1","USB","91","40f30204000000000000000000000000000000000000000000000000000000000000000000000000000000000000000000000000000000000000000000000000","URB_INTERRUPT out"
"609","9.556848","host","1.40.1","USB","91","40f30203000000000000000000000000000000000000000000000000000000000000000000000000000000000000000000000000000000000000000000000000","URB_INTERRUPT out"
"611","9.557848","host","1.40.1","USB","91","40f80300000000000015180000000000000000000000000000000000000000000000000000000000000000000000000000000000000000000000000000000000","URB_INTERRUPT out"
"613","9.558866","host","1.40.1","USB","91","40fc0300000000000000000000000000000000000000000000000000000000000000000000000000000000000000000000000000000000000000000000000000","URB_INTERRUPT out"
"615","9.559865","host","1.40.1","USB","91","40fc0400000000000000000000000000000000000000000000000000000000000000000000000000000000000000000000000000000000000000000000000000","URB_INTERRUPT out"
"617","9.560826","host","1.40.1","USB","91","40e1d001000000000000000000000000000000000000000000000000000000000000000000000000000000000000000000000000000000000000000000000000","URB_INTERRUPT out"
"621","9.719709","host","1.40.1","USB","91","40e1d001000000000000000000000000000000000000000000000000000000000000000000000000000000000000000000000000000000000000000000000000","URB_INTERRUPT out"
"623","9.824271","host","1.40.1","USB","91","40e1d001000000000000000000000000000000000000000000000000000000000000000000000000000000000000000000000000000000000000000000000000","URB_INTERRUPT out"
"625","9.936499","host","1.40.1","USB","91","40f802b8000003000000000000000000000000000000000000000000000000000000000000000000000000000000000000000000000000000000000000000000","URB_INTERRUPT out"
"627","9.937918","host","1.40.1","USB","91","40f802d8000200000000000000000000000000000000000000000000000000000000000000000000000000000000000000000000000000000000000000000000","URB_INTERRUPT out"
"629","9.938873","host","1.40.1","USB","91","40fa0065000000000000000000000000000000000000000000000000000000000000000000000000000000000000000000000000000000000000000000000000","URB_INTERRUPT out"
"631","9.939828","host","1.40.1","USB","91","40fa0001020000384c70b85c2e170b050281c06030984c2613098442a1d0e8743a9d4ea75329140a05028140a0d0e8f4fa7d3e9f4fa75329140a0582c1e0f0f8","URB_INTERRUPT out"
"633","9.940848","host","1.40.1","USB","91","40fa000102010009fcfeff7f3f9fcfe77381c06030984c2613098442a1d0e8743a9d4ea75329140a05028140a0d0e8f4fa7d3e9f4fa75329140a0582c1e0f0f8","URB_INTERRUPT out"
"635","9.941819","host","1.40.1","USB","91","40fc0201000000000000000000000000000000000000000000000000000000000000000000000000000000000000000000000000000000000000000000000000","URB_INTERRUPT out"
"637","9.942806","host","1.40.1","USB","91","40fa000102ddeeff0000000000000000000000000000000000000000000000000000000000000000000000000000000000000000000000000000000000000000","URB_INTERRUPT out"
"641","9.944841","host","1.40.1","USB","91","40fc0201000000000000000000000000000000000000000000000000000000000000000000000000000000000000000000000000000000000000000000000000","URB_INTERRUPT out"
"643","9.945818","host","1.40.1","USB","91","40fa0001020000034c0ff00000000000000000000000000000000000000000000000000000000000000000000000000000000000000000000000000000000000","URB_INTERRUPT out"
"647","9.947846","host","1.40.1","USB","91","40fc0200000000000000000000000000000000000000000000000000000000000000000000000000000000000000000000000000000000000000000000000000","URB_INTERRUPT out"
"699","11.764605","host","1.40.1","USB","91","40f10000000000000000000000000000000000000000000000000000000000000000000000000000000000000000000000000000000000000000000000000000","URB_INTERRUPT out"
"703","11.766823","host","1.40.1","USB","91","40f20000000000000000000000000000000000000000000000000000000000000000000000000000000000000000000000000000000000000000000000000000","URB_INTERRUPT out"
"707","11.768809","host","1.40.1","USB","91","40f00100000000000000000000000000000000000000000000000000000000000000000000000000000000000000000000000000000000000000000000000000","URB_INTERRUPT out"
"709","11.769876","host","1.40.1","USB","91","40f30205010000000000000000000000000000000000000000000000000000000000000000000000000000000000000000000000000000000000000000000000","URB_INTERRUPT out"
"711","11.770809","host","1.40.1","USB","91","40f30204000000000000000000000000000000000000000000000000000000000000000000000000000000000000000000000000000000000000000000000000","URB_INTERRUPT out"
"713","11.771855","host","1.40.1","USB","91","40f30203000000000000000000000000000000000000000000000000000000000000000000000000000000000000000000000000000000000000000000000000","URB_INTERRUPT out"
"715","11.772809","host","1.40.1","USB","91","40f80300000000000015180000000000000000000000000000000000000000000000000000000000000000000000000000000000000000000000000000000000","URB_INTERRUPT out"
"717","11.773821","host","1.40.1","USB","91","40fc0300000000000000000000000000000000000000000000000000000000000000000000000000000000000000000000000000000000000000000000000000","URB_INTERRUPT out"
"719","11.774867","host","1.40.1","USB","91","40fc0400000000000000000000000000000000000000000000000000000000000000000000000000000000000000000000000000000000000000000000000000","URB_INTERRUPT out"
"721","11.775856","host","1.40.1","USB","91","40e1d001000000000000000000000000000000000000000000000000000000000000000000000000000000000000000000000000000000000000000000000000","URB_INTERRUPT out"
"723","11.883780","host","1.40.1","USB","91","40e1d001000000000000000000000000000000000000000000000000000000000000000000000000000000000000000000000000000000000000000000000000","URB_INTERRUPT out"
"725","11.988981","host","1.40.1","USB","91","40e1d001000000000000000000000000000000000000000000000000000000000000000000000000000000000000000000000000000000000000000000000000","URB_INTERRUPT out"
"727","12.114504","host","1.40.1","USB","91","40f802b8000003000000000000000000000000000000000000000000000000000000000000000000000000000000000000000000000000000000000000000000","URB_INTERRUPT out"
"729","12.115859","host","1.40.1","USB","91","40f802d8000200000000000000000000000000000000000000000000000000000000000000000000000000000000000000000000000000000000000000000000","URB_INTERRUPT out"
"731","12.117063","host","1.40.1","USB","91","40fc0201000000000000000000000000000000000000000000000000000000000000000000000000000000000000000000000000000000000000000000000000","URB_INTERRUPT out"
"733","12.117980","host","1.40.1","USB","91","40fa00010200000a4c05fad000ff4055aa6600000000000000000000000000000000000000000000000000000000000000000000000000000000000000000000","URB_INTERRUPT out"
"737","12.119833","host","1.40.1","USB","91","40fc0200000000000000000000000000000000000000000000000000000000000000000000000000000000000000000000000000000000000000000000000000","URB_INTERRUPT out"
"739","12.120833","host","1.40.1","USB","91","40fc0201000000000000000000000000000000000000000000000000000000000000000000000000000000000000000000000000000000000000000000000000","URB_INTERRUPT out"
"741","12.121830","host","1.40.1","USB","91","40fa0001020000084c05fad000ff4020000000000000000000000000000000000000000000000000000000000000000000000000000000000000000000000000","URB_INTERRUPT out"
"745","12.123830","host","1.40.1","USB","91","40fc0200000000000000000000000000000000000000000000000000000000000000000000000000000000000000000000000000000000000000000000000000","URB_INTERRUPT out"
"747","12.124863","host","1.40.1","USB","91","40fc0201000000000000000000000000000000000000000000000000000000000000000000000000000000000000000000000000000000000000000000000000","URB_INTERRUPT out"
"749","12.125895","host","1.40.1","USB","91","40fa0001020000084c05fad000164092000000000000000000000000000000000000000000000000000000000000000000000000000000000000000000000000","URB_INTERRUPT out"
"753","12.127819","host","1.40.1","USB","91","40fc0200000000000000000000000000000000000000000000000000000000000000000000000000000000000000000000000000000000000000000000000000","URB_INTERRUPT out"
"755","12.135912","host","1.40.1","USB","91","40fc0201000000000000000000000000000000000000000000000000000000000000000000000000000000000000000000000000000000000000000000000000","URB_INTERRUPT out"
"757","12.136924","host","1.40.1","USB","91","40fa00010200000a4c05fad000ff0055aa6600000000000000000000000000000000000000000000000000000000000000000000000000000000000000000000","URB_INTERRUPT out"
"761","12.138810","host","1.40.1","USB","91","40fc0200000000000000000000000000000000000000000000000000000000000000000000000000000000000000000000000000000000000000000000000000","URB_INTERRUPT out"
"763","12.139900","host","1.40.1","USB","91","40fc0201000000000000000000000000000000000000000000000000000000000000000000000000000000000000000000000000000000000000000000000000","URB_INTERRUPT out"
"765","12.140873","host","1.40.1","USB","91","40fa0001020000084c05fad000ff0010000000000000000000000000000000000000000000000000000000000000000000000000000000000000000000000000","URB_INTERRUPT out"
"769","12.142808","host","1.40.1","USB","91","40fc0200000000000000000000000000000000000000000000000000000000000000000000000000000000000000000000000000000000000000000000000000","URB_INTERRUPT out"
